path[POSIX]	ID_prefix	mouse_number	experiment	run	camera	size[bytes]	checksum[md5]	url
PCCD3_9wks_12mm_CNO/PCCD3_Mouse10_CNO_12mm_run1-1.avi	PCCD3	10	CNO	m	N/A	77245440	abcb4640636537eef686942ba04aa35e	//uk-koeln.lokal/daten/Neurologie/AG Gatto/CRC1451-Z02/RawData_SIMI_Motion///uk-koeln.lokal/daten/Neurologie/AG Gatto/CRC1451-Z02/RawData_SIMI_Motion/AG Gatto/PCCD3_9wks_12mm_CNO/PCCD3_Mouse10_CNO_12mm_run1-1.avi
PCCD3_9wks_12mm_CNO/PCCD3_Mouse10_CNO_12mm_run1-2.avi	PCCD3	10	CNO	m	N/A	49900032	b937d2f3a27c7a2578b49a2352cadfdd	//uk-koeln.lokal/daten/Neurologie/AG Gatto/CRC1451-Z02/RawData_SIMI_Motion///uk-koeln.lokal/daten/Neurologie/AG Gatto/CRC1451-Z02/RawData_SIMI_Motion/AG Gatto/PCCD3_9wks_12mm_CNO/PCCD3_Mouse10_CNO_12mm_run1-2.avi
PCCD3_9wks_12mm_CNO/PCCD3_Mouse10_CNO_12mm_run1-3.avi	PCCD3	10	CNO	m	N/A	80845312	2c3fb17bfbcd540bb02ef965d9333942	//uk-koeln.lokal/daten/Neurologie/AG Gatto/CRC1451-Z02/RawData_SIMI_Motion///uk-koeln.lokal/daten/Neurologie/AG Gatto/CRC1451-Z02/RawData_SIMI_Motion/AG Gatto/PCCD3_9wks_12mm_CNO/PCCD3_Mouse10_CNO_12mm_run1-3.avi
PCCD3_9wks_12mm_CNO/PCCD3_Mouse10_CNO_12mm_run1-4.avi	PCCD3	10	CNO	m	N/A	41345536	8064aec15e1a440b3874469f017e971e	//uk-koeln.lokal/daten/Neurologie/AG Gatto/CRC1451-Z02/RawData_SIMI_Motion///uk-koeln.lokal/daten/Neurologie/AG Gatto/CRC1451-Z02/RawData_SIMI_Motion/AG Gatto/PCCD3_9wks_12mm_CNO/PCCD3_Mouse10_CNO_12mm_run1-4.avi
PCCD3_9wks_12mm_CNO/PCCD3_Mouse10_CNO_12mm_run1-5.avi	PCCD3	10	CNO	m	N/A	72462848	214eafb513f827c08fb20ac577d69e7a	//uk-koeln.lokal/daten/Neurologie/AG Gatto/CRC1451-Z02/RawData_SIMI_Motion///uk-koeln.lokal/daten/Neurologie/AG Gatto/CRC1451-Z02/RawData_SIMI_Motion/AG Gatto/PCCD3_9wks_12mm_CNO/PCCD3_Mouse10_CNO_12mm_run1-5.avi
PCCD3_9wks_12mm_CNO/PCCD3_Mouse10_CNO_12mm_run1-6.avi	PCCD3	10	CNO	m	N/A	63035904	96dc6ecab478aa4d7d26491e9f0fff21	//uk-koeln.lokal/daten/Neurologie/AG Gatto/CRC1451-Z02/RawData_SIMI_Motion///uk-koeln.lokal/daten/Neurologie/AG Gatto/CRC1451-Z02/RawData_SIMI_Motion/AG Gatto/PCCD3_9wks_12mm_CNO/PCCD3_Mouse10_CNO_12mm_run1-6.avi
PCCD3_9wks_12mm_CNO/PCCD3_Mouse10_CNO_12mm_run1-7.avi	PCCD3	10	CNO	m	N/A	87239680	c05cc666838867e4ab4c7be9e435d2f5	//uk-koeln.lokal/daten/Neurologie/AG Gatto/CRC1451-Z02/RawData_SIMI_Motion///uk-koeln.lokal/daten/Neurologie/AG Gatto/CRC1451-Z02/RawData_SIMI_Motion/AG Gatto/PCCD3_9wks_12mm_CNO/PCCD3_Mouse10_CNO_12mm_run1-7.avi
PCCD3_9wks_12mm_CNO/PCCD3_Mouse10_CNO_12mm_run1-8.avi	PCCD3	10	CNO	m	N/A	86179840	3f5919514c8584cdd5034dc3d99bc9a4	//uk-koeln.lokal/daten/Neurologie/AG Gatto/CRC1451-Z02/RawData_SIMI_Motion///uk-koeln.lokal/daten/Neurologie/AG Gatto/CRC1451-Z02/RawData_SIMI_Motion/AG Gatto/PCCD3_9wks_12mm_CNO/PCCD3_Mouse10_CNO_12mm_run1-8.avi
PCCD3_9wks_12mm_CNO/PCCD3_Mouse10_CNO_12mm_run1.smp	PCCD3	10	CNO	m	N/A	14848	feb77f4d9c01ed95928b04cca4d00b3f	//uk-koeln.lokal/daten/Neurologie/AG Gatto/CRC1451-Z02/RawData_SIMI_Motion///uk-koeln.lokal/daten/Neurologie/AG Gatto/CRC1451-Z02/RawData_SIMI_Motion/AG Gatto/PCCD3_9wks_12mm_CNO/PCCD3_Mouse10_CNO_12mm_run1.smp
PCCD3_9wks_12mm_CNO/PCCD3_Mouse10_CNO_12mm_run2-1.avi	PCCD3	10	CNO	m	N/A	71527424	412cf3f1fa96e72616b10048a93ba76a	//uk-koeln.lokal/daten/Neurologie/AG Gatto/CRC1451-Z02/RawData_SIMI_Motion///uk-koeln.lokal/daten/Neurologie/AG Gatto/CRC1451-Z02/RawData_SIMI_Motion/AG Gatto/PCCD3_9wks_12mm_CNO/PCCD3_Mouse10_CNO_12mm_run2-1.avi
PCCD3_9wks_12mm_CNO/PCCD3_Mouse10_CNO_12mm_run2-2.avi	PCCD3	10	CNO	m	N/A	47147520	27b35eeb1b39472d57ec489b919cf2c2	//uk-koeln.lokal/daten/Neurologie/AG Gatto/CRC1451-Z02/RawData_SIMI_Motion///uk-koeln.lokal/daten/Neurologie/AG Gatto/CRC1451-Z02/RawData_SIMI_Motion/AG Gatto/PCCD3_9wks_12mm_CNO/PCCD3_Mouse10_CNO_12mm_run2-2.avi
PCCD3_9wks_12mm_CNO/PCCD3_Mouse10_CNO_12mm_run2-3.avi	PCCD3	10	CNO	m	N/A	75732992	ea385e46d3b912b66265ed02be4dffaa	//uk-koeln.lokal/daten/Neurologie/AG Gatto/CRC1451-Z02/RawData_SIMI_Motion///uk-koeln.lokal/daten/Neurologie/AG Gatto/CRC1451-Z02/RawData_SIMI_Motion/AG Gatto/PCCD3_9wks_12mm_CNO/PCCD3_Mouse10_CNO_12mm_run2-3.avi
PCCD3_9wks_12mm_CNO/PCCD3_Mouse10_CNO_12mm_run2-4.avi	PCCD3	10	CNO	m	N/A	143872	81cb5a3eed43d88e40301a07a852d2ff	//uk-koeln.lokal/daten/Neurologie/AG Gatto/CRC1451-Z02/RawData_SIMI_Motion///uk-koeln.lokal/daten/Neurologie/AG Gatto/CRC1451-Z02/RawData_SIMI_Motion/AG Gatto/PCCD3_9wks_12mm_CNO/PCCD3_Mouse10_CNO_12mm_run2-4.avi
PCCD3_9wks_12mm_CNO/PCCD3_Mouse10_CNO_12mm_run2-5.avi	PCCD3	10	CNO	m	N/A	67339776	b015955712a59d61c60fe8e30fca9dbb	//uk-koeln.lokal/daten/Neurologie/AG Gatto/CRC1451-Z02/RawData_SIMI_Motion///uk-koeln.lokal/daten/Neurologie/AG Gatto/CRC1451-Z02/RawData_SIMI_Motion/AG Gatto/PCCD3_9wks_12mm_CNO/PCCD3_Mouse10_CNO_12mm_run2-5.avi
PCCD3_9wks_12mm_CNO/PCCD3_Mouse10_CNO_12mm_run2-6.avi	PCCD3	10	CNO	m	N/A	59251200	71a1024812f0563dff080afacde6f852	//uk-koeln.lokal/daten/Neurologie/AG Gatto/CRC1451-Z02/RawData_SIMI_Motion///uk-koeln.lokal/daten/Neurologie/AG Gatto/CRC1451-Z02/RawData_SIMI_Motion/AG Gatto/PCCD3_9wks_12mm_CNO/PCCD3_Mouse10_CNO_12mm_run2-6.avi
PCCD3_9wks_12mm_CNO/PCCD3_Mouse10_CNO_12mm_run2-7.avi	PCCD3	10	CNO	m	N/A	80764416	e807be3925e53580ef5dd0c1a69a9a3c	//uk-koeln.lokal/daten/Neurologie/AG Gatto/CRC1451-Z02/RawData_SIMI_Motion///uk-koeln.lokal/daten/Neurologie/AG Gatto/CRC1451-Z02/RawData_SIMI_Motion/AG Gatto/PCCD3_9wks_12mm_CNO/PCCD3_Mouse10_CNO_12mm_run2-7.avi
PCCD3_9wks_12mm_CNO/PCCD3_Mouse10_CNO_12mm_run2-8.avi	PCCD3	10	CNO	m	N/A	79966720	e443228694a578e10a86ed0baed3c3eb	//uk-koeln.lokal/daten/Neurologie/AG Gatto/CRC1451-Z02/RawData_SIMI_Motion///uk-koeln.lokal/daten/Neurologie/AG Gatto/CRC1451-Z02/RawData_SIMI_Motion/AG Gatto/PCCD3_9wks_12mm_CNO/PCCD3_Mouse10_CNO_12mm_run2-8.avi
PCCD3_9wks_12mm_CNO/PCCD3_Mouse10_CNO_12mm_run2.smp	PCCD3	10	CNO	m	N/A	14848	ec84508efe4882e6947471bc4a7466e7	//uk-koeln.lokal/daten/Neurologie/AG Gatto/CRC1451-Z02/RawData_SIMI_Motion///uk-koeln.lokal/daten/Neurologie/AG Gatto/CRC1451-Z02/RawData_SIMI_Motion/AG Gatto/PCCD3_9wks_12mm_CNO/PCCD3_Mouse10_CNO_12mm_run2.smp
PCCD3_9wks_12mm_CNO/PCCD3_Mouse10_CNO_12mm_run3-1.avi	PCCD3	10	CNO	m	N/A	24957440	440a538bfa03da5059c978400fb953a2	//uk-koeln.lokal/daten/Neurologie/AG Gatto/CRC1451-Z02/RawData_SIMI_Motion///uk-koeln.lokal/daten/Neurologie/AG Gatto/CRC1451-Z02/RawData_SIMI_Motion/AG Gatto/PCCD3_9wks_12mm_CNO/PCCD3_Mouse10_CNO_12mm_run3-1.avi
PCCD3_9wks_12mm_CNO/PCCD3_Mouse10_CNO_12mm_run3-2.avi	PCCD3	10	CNO	m	N/A	16301568	70b7e70529b335f940cc889189279dcb	//uk-koeln.lokal/daten/Neurologie/AG Gatto/CRC1451-Z02/RawData_SIMI_Motion///uk-koeln.lokal/daten/Neurologie/AG Gatto/CRC1451-Z02/RawData_SIMI_Motion/AG Gatto/PCCD3_9wks_12mm_CNO/PCCD3_Mouse10_CNO_12mm_run3-2.avi
PCCD3_9wks_12mm_CNO/PCCD3_Mouse10_CNO_12mm_run3-3.avi	PCCD3	10	CNO	m	N/A	26223104	ccc8beea71ed56c325b8e27e1faed3e0	//uk-koeln.lokal/daten/Neurologie/AG Gatto/CRC1451-Z02/RawData_SIMI_Motion///uk-koeln.lokal/daten/Neurologie/AG Gatto/CRC1451-Z02/RawData_SIMI_Motion/AG Gatto/PCCD3_9wks_12mm_CNO/PCCD3_Mouse10_CNO_12mm_run3-3.avi
PCCD3_9wks_12mm_CNO/PCCD3_Mouse10_CNO_12mm_run3-4.avi	PCCD3	10	CNO	m	N/A	143872	5ac1cbad010a7ee33b991ed441bdec42	//uk-koeln.lokal/daten/Neurologie/AG Gatto/CRC1451-Z02/RawData_SIMI_Motion///uk-koeln.lokal/daten/Neurologie/AG Gatto/CRC1451-Z02/RawData_SIMI_Motion/AG Gatto/PCCD3_9wks_12mm_CNO/PCCD3_Mouse10_CNO_12mm_run3-4.avi
PCCD3_9wks_12mm_CNO/PCCD3_Mouse10_CNO_12mm_run3-5.avi	PCCD3	10	CNO	m	N/A	23449088	464d27797e7a873f35b48f36914caf2c	//uk-koeln.lokal/daten/Neurologie/AG Gatto/CRC1451-Z02/RawData_SIMI_Motion///uk-koeln.lokal/daten/Neurologie/AG Gatto/CRC1451-Z02/RawData_SIMI_Motion/AG Gatto/PCCD3_9wks_12mm_CNO/PCCD3_Mouse10_CNO_12mm_run3-5.avi
PCCD3_9wks_12mm_CNO/PCCD3_Mouse10_CNO_12mm_run3-6.avi	PCCD3	10	CNO	m	N/A	20441600	ba596eae56248026fd99637984361b7f	//uk-koeln.lokal/daten/Neurologie/AG Gatto/CRC1451-Z02/RawData_SIMI_Motion///uk-koeln.lokal/daten/Neurologie/AG Gatto/CRC1451-Z02/RawData_SIMI_Motion/AG Gatto/PCCD3_9wks_12mm_CNO/PCCD3_Mouse10_CNO_12mm_run3-6.avi
PCCD3_9wks_12mm_CNO/PCCD3_Mouse10_CNO_12mm_run3-7.avi	PCCD3	10	CNO	m	N/A	28174336	6e83f6abbadb4d277bc7c7e51ed66c12	//uk-koeln.lokal/daten/Neurologie/AG Gatto/CRC1451-Z02/RawData_SIMI_Motion///uk-koeln.lokal/daten/Neurologie/AG Gatto/CRC1451-Z02/RawData_SIMI_Motion/AG Gatto/PCCD3_9wks_12mm_CNO/PCCD3_Mouse10_CNO_12mm_run3-7.avi
PCCD3_9wks_12mm_CNO/PCCD3_Mouse10_CNO_12mm_run3-8.avi	PCCD3	10	CNO	m	N/A	27881472	fff3fb4267dd9657440c447154df7cef	//uk-koeln.lokal/daten/Neurologie/AG Gatto/CRC1451-Z02/RawData_SIMI_Motion///uk-koeln.lokal/daten/Neurologie/AG Gatto/CRC1451-Z02/RawData_SIMI_Motion/AG Gatto/PCCD3_9wks_12mm_CNO/PCCD3_Mouse10_CNO_12mm_run3-8.avi
PCCD3_9wks_12mm_CNO/PCCD3_Mouse10_CNO_12mm_run3.smp	PCCD3	10	CNO	m	N/A	14848	779f2a1eb0dd193b94217eb998756809	//uk-koeln.lokal/daten/Neurologie/AG Gatto/CRC1451-Z02/RawData_SIMI_Motion///uk-koeln.lokal/daten/Neurologie/AG Gatto/CRC1451-Z02/RawData_SIMI_Motion/AG Gatto/PCCD3_9wks_12mm_CNO/PCCD3_Mouse10_CNO_12mm_run3.smp
PCCD3_9wks_12mm_CNO/PCCD3_Mouse11_CNO_12mm_run1-1.avi	PCCD3	11	CNO	m	N/A	31170560	0c8f33e149df100226e44cff850b5ea3	//uk-koeln.lokal/daten/Neurologie/AG Gatto/CRC1451-Z02/RawData_SIMI_Motion///uk-koeln.lokal/daten/Neurologie/AG Gatto/CRC1451-Z02/RawData_SIMI_Motion/AG Gatto/PCCD3_9wks_12mm_CNO/PCCD3_Mouse11_CNO_12mm_run1-1.avi
PCCD3_9wks_12mm_CNO/PCCD3_Mouse11_CNO_12mm_run1-2.avi	PCCD3	11	CNO	m	N/A	20476416	1f5e1d9b5184f64834b298ca5a1f663a	//uk-koeln.lokal/daten/Neurologie/AG Gatto/CRC1451-Z02/RawData_SIMI_Motion///uk-koeln.lokal/daten/Neurologie/AG Gatto/CRC1451-Z02/RawData_SIMI_Motion/AG Gatto/PCCD3_9wks_12mm_CNO/PCCD3_Mouse11_CNO_12mm_run1-2.avi
PCCD3_9wks_12mm_CNO/PCCD3_Mouse11_CNO_12mm_run1-3.avi	PCCD3	11	CNO	m	N/A	32902656	064be74c8364460b3ae9a8617a1eb797	//uk-koeln.lokal/daten/Neurologie/AG Gatto/CRC1451-Z02/RawData_SIMI_Motion///uk-koeln.lokal/daten/Neurologie/AG Gatto/CRC1451-Z02/RawData_SIMI_Motion/AG Gatto/PCCD3_9wks_12mm_CNO/PCCD3_Mouse11_CNO_12mm_run1-3.avi
PCCD3_9wks_12mm_CNO/PCCD3_Mouse11_CNO_12mm_run1-4.avi	PCCD3	11	CNO	m	N/A	10215424	2d3806be336070436d3622bbeecc5a96	//uk-koeln.lokal/daten/Neurologie/AG Gatto/CRC1451-Z02/RawData_SIMI_Motion///uk-koeln.lokal/daten/Neurologie/AG Gatto/CRC1451-Z02/RawData_SIMI_Motion/AG Gatto/PCCD3_9wks_12mm_CNO/PCCD3_Mouse11_CNO_12mm_run1-4.avi
PCCD3_9wks_12mm_CNO/PCCD3_Mouse11_CNO_12mm_run1-5.avi	PCCD3	11	CNO	m	N/A	29250560	fdcada437c6f8c25d39fae0dedeb89b7	//uk-koeln.lokal/daten/Neurologie/AG Gatto/CRC1451-Z02/RawData_SIMI_Motion///uk-koeln.lokal/daten/Neurologie/AG Gatto/CRC1451-Z02/RawData_SIMI_Motion/AG Gatto/PCCD3_9wks_12mm_CNO/PCCD3_Mouse11_CNO_12mm_run1-5.avi
PCCD3_9wks_12mm_CNO/PCCD3_Mouse11_CNO_12mm_run1-6.avi	PCCD3	11	CNO	m	N/A	25594368	bc41c7c6e360049ca01e47d0b1d0659d	//uk-koeln.lokal/daten/Neurologie/AG Gatto/CRC1451-Z02/RawData_SIMI_Motion///uk-koeln.lokal/daten/Neurologie/AG Gatto/CRC1451-Z02/RawData_SIMI_Motion/AG Gatto/PCCD3_9wks_12mm_CNO/PCCD3_Mouse11_CNO_12mm_run1-6.avi
PCCD3_9wks_12mm_CNO/PCCD3_Mouse11_CNO_12mm_run1-7.avi	PCCD3	11	CNO	m	N/A	34927616	53c9ddb6d5bcb5614bcd4719a820d4dd	//uk-koeln.lokal/daten/Neurologie/AG Gatto/CRC1451-Z02/RawData_SIMI_Motion///uk-koeln.lokal/daten/Neurologie/AG Gatto/CRC1451-Z02/RawData_SIMI_Motion/AG Gatto/PCCD3_9wks_12mm_CNO/PCCD3_Mouse11_CNO_12mm_run1-7.avi
PCCD3_9wks_12mm_CNO/PCCD3_Mouse11_CNO_12mm_run1-8.avi	PCCD3	11	CNO	m	N/A	34720256	dddebd8fb9a811bb7b4c5c4ffc1258d6	//uk-koeln.lokal/daten/Neurologie/AG Gatto/CRC1451-Z02/RawData_SIMI_Motion///uk-koeln.lokal/daten/Neurologie/AG Gatto/CRC1451-Z02/RawData_SIMI_Motion/AG Gatto/PCCD3_9wks_12mm_CNO/PCCD3_Mouse11_CNO_12mm_run1-8.avi
PCCD3_9wks_12mm_CNO/PCCD3_Mouse11_CNO_12mm_run1.smp	PCCD3	11	CNO	m	N/A	14848	cd6abc792054acff0df641024bd3a21f	//uk-koeln.lokal/daten/Neurologie/AG Gatto/CRC1451-Z02/RawData_SIMI_Motion///uk-koeln.lokal/daten/Neurologie/AG Gatto/CRC1451-Z02/RawData_SIMI_Motion/AG Gatto/PCCD3_9wks_12mm_CNO/PCCD3_Mouse11_CNO_12mm_run1.smp
PCCD3_9wks_12mm_CNO/PCCD3_Mouse11_CNO_12mm_run2-1.avi	PCCD3	11	CNO	m	N/A	35023360	41a2e8c44de7dc7b2e6ad73609403d8b	//uk-koeln.lokal/daten/Neurologie/AG Gatto/CRC1451-Z02/RawData_SIMI_Motion///uk-koeln.lokal/daten/Neurologie/AG Gatto/CRC1451-Z02/RawData_SIMI_Motion/AG Gatto/PCCD3_9wks_12mm_CNO/PCCD3_Mouse11_CNO_12mm_run2-1.avi
PCCD3_9wks_12mm_CNO/PCCD3_Mouse11_CNO_12mm_run2-2.avi	PCCD3	11	CNO	m	N/A	22677504	e74ff42b653c11a5b55e8ce753895733	//uk-koeln.lokal/daten/Neurologie/AG Gatto/CRC1451-Z02/RawData_SIMI_Motion///uk-koeln.lokal/daten/Neurologie/AG Gatto/CRC1451-Z02/RawData_SIMI_Motion/AG Gatto/PCCD3_9wks_12mm_CNO/PCCD3_Mouse11_CNO_12mm_run2-2.avi
PCCD3_9wks_12mm_CNO/PCCD3_Mouse11_CNO_12mm_run2-3.avi	PCCD3	11	CNO	m	N/A	36242944	11a82897883c7121001d3d5b137c5d88	//uk-koeln.lokal/daten/Neurologie/AG Gatto/CRC1451-Z02/RawData_SIMI_Motion///uk-koeln.lokal/daten/Neurologie/AG Gatto/CRC1451-Z02/RawData_SIMI_Motion/AG Gatto/PCCD3_9wks_12mm_CNO/PCCD3_Mouse11_CNO_12mm_run2-3.avi
PCCD3_9wks_12mm_CNO/PCCD3_Mouse11_CNO_12mm_run2-4.avi	PCCD3	11	CNO	m	N/A	5711360	f9e39048fe45ab83b761e5dcc92a9e99	//uk-koeln.lokal/daten/Neurologie/AG Gatto/CRC1451-Z02/RawData_SIMI_Motion///uk-koeln.lokal/daten/Neurologie/AG Gatto/CRC1451-Z02/RawData_SIMI_Motion/AG Gatto/PCCD3_9wks_12mm_CNO/PCCD3_Mouse11_CNO_12mm_run2-4.avi
PCCD3_9wks_12mm_CNO/PCCD3_Mouse11_CNO_12mm_run2-5.avi	PCCD3	11	CNO	m	N/A	32441856	05ad4e38244b879a8054fc28b2e281ce	//uk-koeln.lokal/daten/Neurologie/AG Gatto/CRC1451-Z02/RawData_SIMI_Motion///uk-koeln.lokal/daten/Neurologie/AG Gatto/CRC1451-Z02/RawData_SIMI_Motion/AG Gatto/PCCD3_9wks_12mm_CNO/PCCD3_Mouse11_CNO_12mm_run2-5.avi
PCCD3_9wks_12mm_CNO/PCCD3_Mouse11_CNO_12mm_run2-6.avi	PCCD3	11	CNO	m	N/A	28618752	29434b8a046c82071f450bef25fd3dd0	//uk-koeln.lokal/daten/Neurologie/AG Gatto/CRC1451-Z02/RawData_SIMI_Motion///uk-koeln.lokal/daten/Neurologie/AG Gatto/CRC1451-Z02/RawData_SIMI_Motion/AG Gatto/PCCD3_9wks_12mm_CNO/PCCD3_Mouse11_CNO_12mm_run2-6.avi
PCCD3_9wks_12mm_CNO/PCCD3_Mouse11_CNO_12mm_run2-7.avi	PCCD3	11	CNO	m	N/A	39581696	91e45b620d3394fe1c3053c493502bbe	//uk-koeln.lokal/daten/Neurologie/AG Gatto/CRC1451-Z02/RawData_SIMI_Motion///uk-koeln.lokal/daten/Neurologie/AG Gatto/CRC1451-Z02/RawData_SIMI_Motion/AG Gatto/PCCD3_9wks_12mm_CNO/PCCD3_Mouse11_CNO_12mm_run2-7.avi
PCCD3_9wks_12mm_CNO/PCCD3_Mouse11_CNO_12mm_run2-8.avi	PCCD3	11	CNO	m	N/A	38904832	f8f6a885af883c7d2b2698edaedc4fe9	//uk-koeln.lokal/daten/Neurologie/AG Gatto/CRC1451-Z02/RawData_SIMI_Motion///uk-koeln.lokal/daten/Neurologie/AG Gatto/CRC1451-Z02/RawData_SIMI_Motion/AG Gatto/PCCD3_9wks_12mm_CNO/PCCD3_Mouse11_CNO_12mm_run2-8.avi
PCCD3_9wks_12mm_CNO/PCCD3_Mouse11_CNO_12mm_run2.smp	PCCD3	11	CNO	m	N/A	14848	b5690195989df69b91d4163b2d5950cf	//uk-koeln.lokal/daten/Neurologie/AG Gatto/CRC1451-Z02/RawData_SIMI_Motion///uk-koeln.lokal/daten/Neurologie/AG Gatto/CRC1451-Z02/RawData_SIMI_Motion/AG Gatto/PCCD3_9wks_12mm_CNO/PCCD3_Mouse11_CNO_12mm_run2.smp
PCCD3_9wks_12mm_CNO/PCCD3_Mouse11_CNO_12mm_run3-1.avi	PCCD3	11	CNO	m	N/A	25412096	5c6ff1551645571d7787568db3f26e4a	//uk-koeln.lokal/daten/Neurologie/AG Gatto/CRC1451-Z02/RawData_SIMI_Motion///uk-koeln.lokal/daten/Neurologie/AG Gatto/CRC1451-Z02/RawData_SIMI_Motion/AG Gatto/PCCD3_9wks_12mm_CNO/PCCD3_Mouse11_CNO_12mm_run3-1.avi
PCCD3_9wks_12mm_CNO/PCCD3_Mouse11_CNO_12mm_run3-2.avi	PCCD3	11	CNO	m	N/A	16503296	bce5c4d2318c83175142be425c95b593	//uk-koeln.lokal/daten/Neurologie/AG Gatto/CRC1451-Z02/RawData_SIMI_Motion///uk-koeln.lokal/daten/Neurologie/AG Gatto/CRC1451-Z02/RawData_SIMI_Motion/AG Gatto/PCCD3_9wks_12mm_CNO/PCCD3_Mouse11_CNO_12mm_run3-2.avi
PCCD3_9wks_12mm_CNO/PCCD3_Mouse11_CNO_12mm_run3-3.avi	PCCD3	11	CNO	m	N/A	26564608	760a734dc4c0996e9a5f9f6a583ffb13	//uk-koeln.lokal/daten/Neurologie/AG Gatto/CRC1451-Z02/RawData_SIMI_Motion///uk-koeln.lokal/daten/Neurologie/AG Gatto/CRC1451-Z02/RawData_SIMI_Motion/AG Gatto/PCCD3_9wks_12mm_CNO/PCCD3_Mouse11_CNO_12mm_run3-3.avi
PCCD3_9wks_12mm_CNO/PCCD3_Mouse11_CNO_12mm_run3-4.avi	PCCD3	11	CNO	m	N/A	143872	65ebd98bf72400ca6975636e5866dc99	//uk-koeln.lokal/daten/Neurologie/AG Gatto/CRC1451-Z02/RawData_SIMI_Motion///uk-koeln.lokal/daten/Neurologie/AG Gatto/CRC1451-Z02/RawData_SIMI_Motion/AG Gatto/PCCD3_9wks_12mm_CNO/PCCD3_Mouse11_CNO_12mm_run3-4.avi
PCCD3_9wks_12mm_CNO/PCCD3_Mouse11_CNO_12mm_run3-5.avi	PCCD3	11	CNO	m	N/A	23789056	62cae3b2b9841fc177bfdcbfea9752c0	//uk-koeln.lokal/daten/Neurologie/AG Gatto/CRC1451-Z02/RawData_SIMI_Motion///uk-koeln.lokal/daten/Neurologie/AG Gatto/CRC1451-Z02/RawData_SIMI_Motion/AG Gatto/PCCD3_9wks_12mm_CNO/PCCD3_Mouse11_CNO_12mm_run3-5.avi
PCCD3_9wks_12mm_CNO/PCCD3_Mouse11_CNO_12mm_run3-6.avi	PCCD3	11	CNO	m	N/A	20715008	a1624f3ef82aba0deff6658ce5a6528d	//uk-koeln.lokal/daten/Neurologie/AG Gatto/CRC1451-Z02/RawData_SIMI_Motion///uk-koeln.lokal/daten/Neurologie/AG Gatto/CRC1451-Z02/RawData_SIMI_Motion/AG Gatto/PCCD3_9wks_12mm_CNO/PCCD3_Mouse11_CNO_12mm_run3-6.avi
PCCD3_9wks_12mm_CNO/PCCD3_Mouse11_CNO_12mm_run3-7.avi	PCCD3	11	CNO	m	N/A	28557824	b51f9473d313661319971e4cd8588956	//uk-koeln.lokal/daten/Neurologie/AG Gatto/CRC1451-Z02/RawData_SIMI_Motion///uk-koeln.lokal/daten/Neurologie/AG Gatto/CRC1451-Z02/RawData_SIMI_Motion/AG Gatto/PCCD3_9wks_12mm_CNO/PCCD3_Mouse11_CNO_12mm_run3-7.avi
PCCD3_9wks_12mm_CNO/PCCD3_Mouse11_CNO_12mm_run3-8.avi	PCCD3	11	CNO	m	N/A	28311040	0026cf312d03ebe513933807d838dee5	//uk-koeln.lokal/daten/Neurologie/AG Gatto/CRC1451-Z02/RawData_SIMI_Motion///uk-koeln.lokal/daten/Neurologie/AG Gatto/CRC1451-Z02/RawData_SIMI_Motion/AG Gatto/PCCD3_9wks_12mm_CNO/PCCD3_Mouse11_CNO_12mm_run3-8.avi
PCCD3_9wks_12mm_CNO/PCCD3_Mouse11_CNO_12mm_run3.smp	PCCD3	11	CNO	m	N/A	14848	9e01287c7da5bc67111b769f94b0cc05	//uk-koeln.lokal/daten/Neurologie/AG Gatto/CRC1451-Z02/RawData_SIMI_Motion///uk-koeln.lokal/daten/Neurologie/AG Gatto/CRC1451-Z02/RawData_SIMI_Motion/AG Gatto/PCCD3_9wks_12mm_CNO/PCCD3_Mouse11_CNO_12mm_run3.smp
PCCD3_9wks_12mm_CNO/PCCD3_Mouse12_CNO_12mm_run1-1.avi	PCCD3	12	CNO	m	N/A	30699008	9db21d5506da0d841daf48334c4e6edb	//uk-koeln.lokal/daten/Neurologie/AG Gatto/CRC1451-Z02/RawData_SIMI_Motion///uk-koeln.lokal/daten/Neurologie/AG Gatto/CRC1451-Z02/RawData_SIMI_Motion/AG Gatto/PCCD3_9wks_12mm_CNO/PCCD3_Mouse12_CNO_12mm_run1-1.avi
PCCD3_9wks_12mm_CNO/PCCD3_Mouse12_CNO_12mm_run1-2.avi	PCCD3	12	CNO	m	N/A	19919360	2d7bddab3bc518bd6bd3da73390d9ada	//uk-koeln.lokal/daten/Neurologie/AG Gatto/CRC1451-Z02/RawData_SIMI_Motion///uk-koeln.lokal/daten/Neurologie/AG Gatto/CRC1451-Z02/RawData_SIMI_Motion/AG Gatto/PCCD3_9wks_12mm_CNO/PCCD3_Mouse12_CNO_12mm_run1-2.avi
PCCD3_9wks_12mm_CNO/PCCD3_Mouse12_CNO_12mm_run1-3.avi	PCCD3	12	CNO	m	N/A	32112128	1fce0b79aee71551e581275ae9fb25d8	//uk-koeln.lokal/daten/Neurologie/AG Gatto/CRC1451-Z02/RawData_SIMI_Motion///uk-koeln.lokal/daten/Neurologie/AG Gatto/CRC1451-Z02/RawData_SIMI_Motion/AG Gatto/PCCD3_9wks_12mm_CNO/PCCD3_Mouse12_CNO_12mm_run1-3.avi
PCCD3_9wks_12mm_CNO/PCCD3_Mouse12_CNO_12mm_run1-4.avi	PCCD3	12	CNO	m	N/A	143872	810418204a699bc11e9177705e5d3abc	//uk-koeln.lokal/daten/Neurologie/AG Gatto/CRC1451-Z02/RawData_SIMI_Motion///uk-koeln.lokal/daten/Neurologie/AG Gatto/CRC1451-Z02/RawData_SIMI_Motion/AG Gatto/PCCD3_9wks_12mm_CNO/PCCD3_Mouse12_CNO_12mm_run1-4.avi
PCCD3_9wks_12mm_CNO/PCCD3_Mouse12_CNO_12mm_run1-5.avi	PCCD3	12	CNO	m	N/A	28817408	9d79d6ee7ab023481da3bc8e59ec8f10	//uk-koeln.lokal/daten/Neurologie/AG Gatto/CRC1451-Z02/RawData_SIMI_Motion///uk-koeln.lokal/daten/Neurologie/AG Gatto/CRC1451-Z02/RawData_SIMI_Motion/AG Gatto/PCCD3_9wks_12mm_CNO/PCCD3_Mouse12_CNO_12mm_run1-5.avi
PCCD3_9wks_12mm_CNO/PCCD3_Mouse12_CNO_12mm_run1-6.avi	PCCD3	12	CNO	m	N/A	25074176	11a9988344480620152c6c05c34389cf	//uk-koeln.lokal/daten/Neurologie/AG Gatto/CRC1451-Z02/RawData_SIMI_Motion///uk-koeln.lokal/daten/Neurologie/AG Gatto/CRC1451-Z02/RawData_SIMI_Motion/AG Gatto/PCCD3_9wks_12mm_CNO/PCCD3_Mouse12_CNO_12mm_run1-6.avi
PCCD3_9wks_12mm_CNO/PCCD3_Mouse12_CNO_12mm_run1-7.avi	PCCD3	12	CNO	m	N/A	34688000	399e0cfb7912d368d6c878a74051f241	//uk-koeln.lokal/daten/Neurologie/AG Gatto/CRC1451-Z02/RawData_SIMI_Motion///uk-koeln.lokal/daten/Neurologie/AG Gatto/CRC1451-Z02/RawData_SIMI_Motion/AG Gatto/PCCD3_9wks_12mm_CNO/PCCD3_Mouse12_CNO_12mm_run1-7.avi
PCCD3_9wks_12mm_CNO/PCCD3_Mouse12_CNO_12mm_run1-8.avi	PCCD3	12	CNO	m	N/A	34303488	75d99bfd3e3c79f7490a855f98edefac	//uk-koeln.lokal/daten/Neurologie/AG Gatto/CRC1451-Z02/RawData_SIMI_Motion///uk-koeln.lokal/daten/Neurologie/AG Gatto/CRC1451-Z02/RawData_SIMI_Motion/AG Gatto/PCCD3_9wks_12mm_CNO/PCCD3_Mouse12_CNO_12mm_run1-8.avi
PCCD3_9wks_12mm_CNO/PCCD3_Mouse12_CNO_12mm_run1.smp	PCCD3	12	CNO	m	N/A	14848	d019cd92af893727c3267dfa20ed3293	//uk-koeln.lokal/daten/Neurologie/AG Gatto/CRC1451-Z02/RawData_SIMI_Motion///uk-koeln.lokal/daten/Neurologie/AG Gatto/CRC1451-Z02/RawData_SIMI_Motion/AG Gatto/PCCD3_9wks_12mm_CNO/PCCD3_Mouse12_CNO_12mm_run1.smp
PCCD3_9wks_12mm_CNO/PCCD3_Mouse12_CNO_12mm_run2-1.avi	PCCD3	12	CNO	m	N/A	17267712	ef0ec3d2034bdda151b287ca6a8109d0	//uk-koeln.lokal/daten/Neurologie/AG Gatto/CRC1451-Z02/RawData_SIMI_Motion///uk-koeln.lokal/daten/Neurologie/AG Gatto/CRC1451-Z02/RawData_SIMI_Motion/AG Gatto/PCCD3_9wks_12mm_CNO/PCCD3_Mouse12_CNO_12mm_run2-1.avi
PCCD3_9wks_12mm_CNO/PCCD3_Mouse12_CNO_12mm_run2-2.avi	PCCD3	12	CNO	m	N/A	11144192	c3de83a525031cf3959009f912870d4a	//uk-koeln.lokal/daten/Neurologie/AG Gatto/CRC1451-Z02/RawData_SIMI_Motion///uk-koeln.lokal/daten/Neurologie/AG Gatto/CRC1451-Z02/RawData_SIMI_Motion/AG Gatto/PCCD3_9wks_12mm_CNO/PCCD3_Mouse12_CNO_12mm_run2-2.avi
PCCD3_9wks_12mm_CNO/PCCD3_Mouse12_CNO_12mm_run2-3.avi	PCCD3	12	CNO	m	N/A	17843712	b3d6a1fabd66074f8ebac17167314347	//uk-koeln.lokal/daten/Neurologie/AG Gatto/CRC1451-Z02/RawData_SIMI_Motion///uk-koeln.lokal/daten/Neurologie/AG Gatto/CRC1451-Z02/RawData_SIMI_Motion/AG Gatto/PCCD3_9wks_12mm_CNO/PCCD3_Mouse12_CNO_12mm_run2-3.avi
PCCD3_9wks_12mm_CNO/PCCD3_Mouse12_CNO_12mm_run2-4.avi	PCCD3	12	CNO	m	N/A	143872	787fe1210e61466a0a2091fc7265faff	//uk-koeln.lokal/daten/Neurologie/AG Gatto/CRC1451-Z02/RawData_SIMI_Motion///uk-koeln.lokal/daten/Neurologie/AG Gatto/CRC1451-Z02/RawData_SIMI_Motion/AG Gatto/PCCD3_9wks_12mm_CNO/PCCD3_Mouse12_CNO_12mm_run2-4.avi
PCCD3_9wks_12mm_CNO/PCCD3_Mouse12_CNO_12mm_run2-5.avi	PCCD3	12	CNO	m	N/A	16058880	bb5719ceb9a8d2b34b7368d7eb5443f6	//uk-koeln.lokal/daten/Neurologie/AG Gatto/CRC1451-Z02/RawData_SIMI_Motion///uk-koeln.lokal/daten/Neurologie/AG Gatto/CRC1451-Z02/RawData_SIMI_Motion/AG Gatto/PCCD3_9wks_12mm_CNO/PCCD3_Mouse12_CNO_12mm_run2-5.avi
PCCD3_9wks_12mm_CNO/PCCD3_Mouse12_CNO_12mm_run2-6.avi	PCCD3	12	CNO	m	N/A	14018560	0d83be8ea32ecb5ec06958681668146a	//uk-koeln.lokal/daten/Neurologie/AG Gatto/CRC1451-Z02/RawData_SIMI_Motion///uk-koeln.lokal/daten/Neurologie/AG Gatto/CRC1451-Z02/RawData_SIMI_Motion/AG Gatto/PCCD3_9wks_12mm_CNO/PCCD3_Mouse12_CNO_12mm_run2-6.avi
PCCD3_9wks_12mm_CNO/PCCD3_Mouse12_CNO_12mm_run2-7.avi	PCCD3	12	CNO	m	N/A	19410944	d7a07235ec0e2a38f2c47acdccda7e5f	//uk-koeln.lokal/daten/Neurologie/AG Gatto/CRC1451-Z02/RawData_SIMI_Motion///uk-koeln.lokal/daten/Neurologie/AG Gatto/CRC1451-Z02/RawData_SIMI_Motion/AG Gatto/PCCD3_9wks_12mm_CNO/PCCD3_Mouse12_CNO_12mm_run2-7.avi
PCCD3_9wks_12mm_CNO/PCCD3_Mouse12_CNO_12mm_run2-8.avi	PCCD3	12	CNO	m	N/A	19207168	5a5b53a29ef3b144e7116989b5d2c37f	//uk-koeln.lokal/daten/Neurologie/AG Gatto/CRC1451-Z02/RawData_SIMI_Motion///uk-koeln.lokal/daten/Neurologie/AG Gatto/CRC1451-Z02/RawData_SIMI_Motion/AG Gatto/PCCD3_9wks_12mm_CNO/PCCD3_Mouse12_CNO_12mm_run2-8.avi
PCCD3_9wks_12mm_CNO/PCCD3_Mouse12_CNO_12mm_run2.smp	PCCD3	12	CNO	m	N/A	14848	a756d719e9242dceaa7387a601a88725	//uk-koeln.lokal/daten/Neurologie/AG Gatto/CRC1451-Z02/RawData_SIMI_Motion///uk-koeln.lokal/daten/Neurologie/AG Gatto/CRC1451-Z02/RawData_SIMI_Motion/AG Gatto/PCCD3_9wks_12mm_CNO/PCCD3_Mouse12_CNO_12mm_run2.smp
PCCD3_9wks_12mm_CNO/PCCD3_Mouse12_CNO_12mm_run3-1.avi	PCCD3	12	CNO	m	N/A	28141056	5c8f51ebcb643fb46da936ae65dc34a9	//uk-koeln.lokal/daten/Neurologie/AG Gatto/CRC1451-Z02/RawData_SIMI_Motion///uk-koeln.lokal/daten/Neurologie/AG Gatto/CRC1451-Z02/RawData_SIMI_Motion/AG Gatto/PCCD3_9wks_12mm_CNO/PCCD3_Mouse12_CNO_12mm_run3-1.avi
PCCD3_9wks_12mm_CNO/PCCD3_Mouse12_CNO_12mm_run3-2.avi	PCCD3	12	CNO	m	N/A	18155520	e644a7a49f08765196c6571b5a7ba8e6	//uk-koeln.lokal/daten/Neurologie/AG Gatto/CRC1451-Z02/RawData_SIMI_Motion///uk-koeln.lokal/daten/Neurologie/AG Gatto/CRC1451-Z02/RawData_SIMI_Motion/AG Gatto/PCCD3_9wks_12mm_CNO/PCCD3_Mouse12_CNO_12mm_run3-2.avi
PCCD3_9wks_12mm_CNO/PCCD3_Mouse12_CNO_12mm_run3-3.avi	PCCD3	12	CNO	m	N/A	29068288	41685407960b8a51de84aa6d9eae6d17	//uk-koeln.lokal/daten/Neurologie/AG Gatto/CRC1451-Z02/RawData_SIMI_Motion///uk-koeln.lokal/daten/Neurologie/AG Gatto/CRC1451-Z02/RawData_SIMI_Motion/AG Gatto/PCCD3_9wks_12mm_CNO/PCCD3_Mouse12_CNO_12mm_run3-3.avi
PCCD3_9wks_12mm_CNO/PCCD3_Mouse12_CNO_12mm_run3-4.avi	PCCD3	12	CNO	m	N/A	12280320	520027f9700d2467c6d2885823af3987	//uk-koeln.lokal/daten/Neurologie/AG Gatto/CRC1451-Z02/RawData_SIMI_Motion///uk-koeln.lokal/daten/Neurologie/AG Gatto/CRC1451-Z02/RawData_SIMI_Motion/AG Gatto/PCCD3_9wks_12mm_CNO/PCCD3_Mouse12_CNO_12mm_run3-4.avi
PCCD3_9wks_12mm_CNO/PCCD3_Mouse12_CNO_12mm_run3-5.avi	PCCD3	12	CNO	m	N/A	26140672	d273fc8bdda597e298b22d7ce548cbdf	//uk-koeln.lokal/daten/Neurologie/AG Gatto/CRC1451-Z02/RawData_SIMI_Motion///uk-koeln.lokal/daten/Neurologie/AG Gatto/CRC1451-Z02/RawData_SIMI_Motion/AG Gatto/PCCD3_9wks_12mm_CNO/PCCD3_Mouse12_CNO_12mm_run3-5.avi
PCCD3_9wks_12mm_CNO/PCCD3_Mouse12_CNO_12mm_run3-6.avi	PCCD3	12	CNO	m	N/A	22875648	0fcdaf188705d21404823de82f4fac2c	//uk-koeln.lokal/daten/Neurologie/AG Gatto/CRC1451-Z02/RawData_SIMI_Motion///uk-koeln.lokal/daten/Neurologie/AG Gatto/CRC1451-Z02/RawData_SIMI_Motion/AG Gatto/PCCD3_9wks_12mm_CNO/PCCD3_Mouse12_CNO_12mm_run3-6.avi
PCCD3_9wks_12mm_CNO/PCCD3_Mouse12_CNO_12mm_run3-7.avi	PCCD3	12	CNO	m	N/A	31617536	dce9985645482612a4f663465a5d1432	//uk-koeln.lokal/daten/Neurologie/AG Gatto/CRC1451-Z02/RawData_SIMI_Motion///uk-koeln.lokal/daten/Neurologie/AG Gatto/CRC1451-Z02/RawData_SIMI_Motion/AG Gatto/PCCD3_9wks_12mm_CNO/PCCD3_Mouse12_CNO_12mm_run3-7.avi
PCCD3_9wks_12mm_CNO/PCCD3_Mouse12_CNO_12mm_run3-8.avi	PCCD3	12	CNO	m	N/A	31277568	cd6c5269e5bc55c494d8f892c2a7cf9f	//uk-koeln.lokal/daten/Neurologie/AG Gatto/CRC1451-Z02/RawData_SIMI_Motion///uk-koeln.lokal/daten/Neurologie/AG Gatto/CRC1451-Z02/RawData_SIMI_Motion/AG Gatto/PCCD3_9wks_12mm_CNO/PCCD3_Mouse12_CNO_12mm_run3-8.avi
PCCD3_9wks_12mm_CNO/PCCD3_Mouse12_CNO_12mm_run3.smp	PCCD3	12	CNO	m	N/A	14848	ba9fcc45a76ebcbfb59e5e21436e0afe	//uk-koeln.lokal/daten/Neurologie/AG Gatto/CRC1451-Z02/RawData_SIMI_Motion///uk-koeln.lokal/daten/Neurologie/AG Gatto/CRC1451-Z02/RawData_SIMI_Motion/AG Gatto/PCCD3_9wks_12mm_CNO/PCCD3_Mouse12_CNO_12mm_run3.smp
PCCD3_9wks_12mm_CNO/PCCD3_Mouse13_CNO_12mm_run1-1.avi	PCCD3	13	CNO	m	N/A	23568896	5ce51d9b084dd70b997ea9b288cd91b3	//uk-koeln.lokal/daten/Neurologie/AG Gatto/CRC1451-Z02/RawData_SIMI_Motion///uk-koeln.lokal/daten/Neurologie/AG Gatto/CRC1451-Z02/RawData_SIMI_Motion/AG Gatto/PCCD3_9wks_12mm_CNO/PCCD3_Mouse13_CNO_12mm_run1-1.avi
PCCD3_9wks_12mm_CNO/PCCD3_Mouse13_CNO_12mm_run1-2.avi	PCCD3	13	CNO	m	N/A	15410176	77f830b7f4839b6d481bd56279b4b17b	//uk-koeln.lokal/daten/Neurologie/AG Gatto/CRC1451-Z02/RawData_SIMI_Motion///uk-koeln.lokal/daten/Neurologie/AG Gatto/CRC1451-Z02/RawData_SIMI_Motion/AG Gatto/PCCD3_9wks_12mm_CNO/PCCD3_Mouse13_CNO_12mm_run1-2.avi
PCCD3_9wks_12mm_CNO/PCCD3_Mouse13_CNO_12mm_run1-3.avi	PCCD3	13	CNO	m	N/A	24749568	ff665fb26b86a0e08ecd03305e859f70	//uk-koeln.lokal/daten/Neurologie/AG Gatto/CRC1451-Z02/RawData_SIMI_Motion///uk-koeln.lokal/daten/Neurologie/AG Gatto/CRC1451-Z02/RawData_SIMI_Motion/AG Gatto/PCCD3_9wks_12mm_CNO/PCCD3_Mouse13_CNO_12mm_run1-3.avi
PCCD3_9wks_12mm_CNO/PCCD3_Mouse13_CNO_12mm_run1-4.avi	PCCD3	13	CNO	m	N/A	143872	64ead7434f49440268e15fa9df435152	//uk-koeln.lokal/daten/Neurologie/AG Gatto/CRC1451-Z02/RawData_SIMI_Motion///uk-koeln.lokal/daten/Neurologie/AG Gatto/CRC1451-Z02/RawData_SIMI_Motion/AG Gatto/PCCD3_9wks_12mm_CNO/PCCD3_Mouse13_CNO_12mm_run1-4.avi
PCCD3_9wks_12mm_CNO/PCCD3_Mouse13_CNO_12mm_run1-5.avi	PCCD3	13	CNO	m	N/A	22164480	592ed88ed11271ab1fd645dca4280046	//uk-koeln.lokal/daten/Neurologie/AG Gatto/CRC1451-Z02/RawData_SIMI_Motion///uk-koeln.lokal/daten/Neurologie/AG Gatto/CRC1451-Z02/RawData_SIMI_Motion/AG Gatto/PCCD3_9wks_12mm_CNO/PCCD3_Mouse13_CNO_12mm_run1-5.avi
PCCD3_9wks_12mm_CNO/PCCD3_Mouse13_CNO_12mm_run1-6.avi	PCCD3	13	CNO	m	N/A	19436032	a17ba98cee5ba1c5499e2af6278b78e8	//uk-koeln.lokal/daten/Neurologie/AG Gatto/CRC1451-Z02/RawData_SIMI_Motion///uk-koeln.lokal/daten/Neurologie/AG Gatto/CRC1451-Z02/RawData_SIMI_Motion/AG Gatto/PCCD3_9wks_12mm_CNO/PCCD3_Mouse13_CNO_12mm_run1-6.avi
PCCD3_9wks_12mm_CNO/PCCD3_Mouse13_CNO_12mm_run1-7.avi	PCCD3	13	CNO	m	N/A	26677760	773952f2ea595e6db2d8cc9ddad0d5a4	//uk-koeln.lokal/daten/Neurologie/AG Gatto/CRC1451-Z02/RawData_SIMI_Motion///uk-koeln.lokal/daten/Neurologie/AG Gatto/CRC1451-Z02/RawData_SIMI_Motion/AG Gatto/PCCD3_9wks_12mm_CNO/PCCD3_Mouse13_CNO_12mm_run1-7.avi
PCCD3_9wks_12mm_CNO/PCCD3_Mouse13_CNO_12mm_run1-8.avi	PCCD3	13	CNO	m	N/A	26232832	5b35403b64094f8ca39561e0d21eaf1c	//uk-koeln.lokal/daten/Neurologie/AG Gatto/CRC1451-Z02/RawData_SIMI_Motion///uk-koeln.lokal/daten/Neurologie/AG Gatto/CRC1451-Z02/RawData_SIMI_Motion/AG Gatto/PCCD3_9wks_12mm_CNO/PCCD3_Mouse13_CNO_12mm_run1-8.avi
PCCD3_9wks_12mm_CNO/PCCD3_Mouse13_CNO_12mm_run1.smp	PCCD3	13	CNO	m	N/A	14848	d13745216db3c8a5eb934b1c0852a473	//uk-koeln.lokal/daten/Neurologie/AG Gatto/CRC1451-Z02/RawData_SIMI_Motion///uk-koeln.lokal/daten/Neurologie/AG Gatto/CRC1451-Z02/RawData_SIMI_Motion/AG Gatto/PCCD3_9wks_12mm_CNO/PCCD3_Mouse13_CNO_12mm_run1.smp
PCCD3_9wks_12mm_CNO/PCCD3_Mouse13_CNO_12mm_run2-1.avi	PCCD3	13	CNO	m	N/A	17435136	1cbd8c015f8b0ab35bab2ddd0fbea6c7	//uk-koeln.lokal/daten/Neurologie/AG Gatto/CRC1451-Z02/RawData_SIMI_Motion///uk-koeln.lokal/daten/Neurologie/AG Gatto/CRC1451-Z02/RawData_SIMI_Motion/AG Gatto/PCCD3_9wks_12mm_CNO/PCCD3_Mouse13_CNO_12mm_run2-1.avi
PCCD3_9wks_12mm_CNO/PCCD3_Mouse13_CNO_12mm_run2-2.avi	PCCD3	13	CNO	m	N/A	11358208	67297559e625844a5a69aef35755cf5c	//uk-koeln.lokal/daten/Neurologie/AG Gatto/CRC1451-Z02/RawData_SIMI_Motion///uk-koeln.lokal/daten/Neurologie/AG Gatto/CRC1451-Z02/RawData_SIMI_Motion/AG Gatto/PCCD3_9wks_12mm_CNO/PCCD3_Mouse13_CNO_12mm_run2-2.avi
PCCD3_9wks_12mm_CNO/PCCD3_Mouse13_CNO_12mm_run2-3.avi	PCCD3	13	CNO	m	N/A	18148864	94dfffdcf50a03fb22c7855120201d46	//uk-koeln.lokal/daten/Neurologie/AG Gatto/CRC1451-Z02/RawData_SIMI_Motion///uk-koeln.lokal/daten/Neurologie/AG Gatto/CRC1451-Z02/RawData_SIMI_Motion/AG Gatto/PCCD3_9wks_12mm_CNO/PCCD3_Mouse13_CNO_12mm_run2-3.avi
PCCD3_9wks_12mm_CNO/PCCD3_Mouse13_CNO_12mm_run2-4.avi	PCCD3	13	CNO	m	N/A	143872	6e56a44ba3fcc3cb5e0ec7c7484bd289	//uk-koeln.lokal/daten/Neurologie/AG Gatto/CRC1451-Z02/RawData_SIMI_Motion///uk-koeln.lokal/daten/Neurologie/AG Gatto/CRC1451-Z02/RawData_SIMI_Motion/AG Gatto/PCCD3_9wks_12mm_CNO/PCCD3_Mouse13_CNO_12mm_run2-4.avi
PCCD3_9wks_12mm_CNO/PCCD3_Mouse13_CNO_12mm_run2-5.avi	PCCD3	13	CNO	m	N/A	16325120	cea5d0f33e68ff61237df18c615255a1	//uk-koeln.lokal/daten/Neurologie/AG Gatto/CRC1451-Z02/RawData_SIMI_Motion///uk-koeln.lokal/daten/Neurologie/AG Gatto/CRC1451-Z02/RawData_SIMI_Motion/AG Gatto/PCCD3_9wks_12mm_CNO/PCCD3_Mouse13_CNO_12mm_run2-5.avi
PCCD3_9wks_12mm_CNO/PCCD3_Mouse13_CNO_12mm_run2-6.avi	PCCD3	13	CNO	m	N/A	14191104	49eff673a1316516f91b2986da4a8acf	//uk-koeln.lokal/daten/Neurologie/AG Gatto/CRC1451-Z02/RawData_SIMI_Motion///uk-koeln.lokal/daten/Neurologie/AG Gatto/CRC1451-Z02/RawData_SIMI_Motion/AG Gatto/PCCD3_9wks_12mm_CNO/PCCD3_Mouse13_CNO_12mm_run2-6.avi
PCCD3_9wks_12mm_CNO/PCCD3_Mouse13_CNO_12mm_run2-7.avi	PCCD3	13	CNO	m	N/A	19696640	1564a2f196932eddd5d90b0815b04e9e	//uk-koeln.lokal/daten/Neurologie/AG Gatto/CRC1451-Z02/RawData_SIMI_Motion///uk-koeln.lokal/daten/Neurologie/AG Gatto/CRC1451-Z02/RawData_SIMI_Motion/AG Gatto/PCCD3_9wks_12mm_CNO/PCCD3_Mouse13_CNO_12mm_run2-7.avi
PCCD3_9wks_12mm_CNO/PCCD3_Mouse13_CNO_12mm_run2-8.avi	PCCD3	13	CNO	m	N/A	19508224	74de6e51dc413cbe19e58e44154e0200	//uk-koeln.lokal/daten/Neurologie/AG Gatto/CRC1451-Z02/RawData_SIMI_Motion///uk-koeln.lokal/daten/Neurologie/AG Gatto/CRC1451-Z02/RawData_SIMI_Motion/AG Gatto/PCCD3_9wks_12mm_CNO/PCCD3_Mouse13_CNO_12mm_run2-8.avi
PCCD3_9wks_12mm_CNO/PCCD3_Mouse13_CNO_12mm_run2.smp	PCCD3	13	CNO	m	N/A	14848	a97c7983299fb737687561dd1e663701	//uk-koeln.lokal/daten/Neurologie/AG Gatto/CRC1451-Z02/RawData_SIMI_Motion///uk-koeln.lokal/daten/Neurologie/AG Gatto/CRC1451-Z02/RawData_SIMI_Motion/AG Gatto/PCCD3_9wks_12mm_CNO/PCCD3_Mouse13_CNO_12mm_run2.smp
PCCD3_9wks_12mm_CNO/PCCD3_Mouse13_CNO_12mm_run3-1.avi	PCCD3	13	CNO	m	N/A	12212224	c5fa41e7d790582dfde384b2215a37ec	//uk-koeln.lokal/daten/Neurologie/AG Gatto/CRC1451-Z02/RawData_SIMI_Motion///uk-koeln.lokal/daten/Neurologie/AG Gatto/CRC1451-Z02/RawData_SIMI_Motion/AG Gatto/PCCD3_9wks_12mm_CNO/PCCD3_Mouse13_CNO_12mm_run3-1.avi
PCCD3_9wks_12mm_CNO/PCCD3_Mouse13_CNO_12mm_run3-2.avi	PCCD3	13	CNO	m	N/A	8013824	a127c1991c438123380aaee163c58f48	//uk-koeln.lokal/daten/Neurologie/AG Gatto/CRC1451-Z02/RawData_SIMI_Motion///uk-koeln.lokal/daten/Neurologie/AG Gatto/CRC1451-Z02/RawData_SIMI_Motion/AG Gatto/PCCD3_9wks_12mm_CNO/PCCD3_Mouse13_CNO_12mm_run3-2.avi
PCCD3_9wks_12mm_CNO/PCCD3_Mouse13_CNO_12mm_run3-3.avi	PCCD3	13	CNO	m	N/A	12795392	bcb360b2039bc40c4867a21868acaa17	//uk-koeln.lokal/daten/Neurologie/AG Gatto/CRC1451-Z02/RawData_SIMI_Motion///uk-koeln.lokal/daten/Neurologie/AG Gatto/CRC1451-Z02/RawData_SIMI_Motion/AG Gatto/PCCD3_9wks_12mm_CNO/PCCD3_Mouse13_CNO_12mm_run3-3.avi
PCCD3_9wks_12mm_CNO/PCCD3_Mouse13_CNO_12mm_run3-4.avi	PCCD3	13	CNO	m	N/A	144384	d95f05fb9354f1ca7210edffd800184c	//uk-koeln.lokal/daten/Neurologie/AG Gatto/CRC1451-Z02/RawData_SIMI_Motion///uk-koeln.lokal/daten/Neurologie/AG Gatto/CRC1451-Z02/RawData_SIMI_Motion/AG Gatto/PCCD3_9wks_12mm_CNO/PCCD3_Mouse13_CNO_12mm_run3-4.avi
PCCD3_9wks_12mm_CNO/PCCD3_Mouse13_CNO_12mm_run3-5.avi	PCCD3	13	CNO	m	N/A	11508736	47eed2fbcf883adaeba7f3d1e743d393	//uk-koeln.lokal/daten/Neurologie/AG Gatto/CRC1451-Z02/RawData_SIMI_Motion///uk-koeln.lokal/daten/Neurologie/AG Gatto/CRC1451-Z02/RawData_SIMI_Motion/AG Gatto/PCCD3_9wks_12mm_CNO/PCCD3_Mouse13_CNO_12mm_run3-5.avi
PCCD3_9wks_12mm_CNO/PCCD3_Mouse13_CNO_12mm_run3-6.avi	PCCD3	13	CNO	m	N/A	10004992	b8a9a1cb9891d5188689f16c05c2857c	//uk-koeln.lokal/daten/Neurologie/AG Gatto/CRC1451-Z02/RawData_SIMI_Motion///uk-koeln.lokal/daten/Neurologie/AG Gatto/CRC1451-Z02/RawData_SIMI_Motion/AG Gatto/PCCD3_9wks_12mm_CNO/PCCD3_Mouse13_CNO_12mm_run3-6.avi
PCCD3_9wks_12mm_CNO/PCCD3_Mouse13_CNO_12mm_run3-7.avi	PCCD3	13	CNO	m	N/A	13762560	3785e9e07478d769855f966961a9cf90	//uk-koeln.lokal/daten/Neurologie/AG Gatto/CRC1451-Z02/RawData_SIMI_Motion///uk-koeln.lokal/daten/Neurologie/AG Gatto/CRC1451-Z02/RawData_SIMI_Motion/AG Gatto/PCCD3_9wks_12mm_CNO/PCCD3_Mouse13_CNO_12mm_run3-7.avi
PCCD3_9wks_12mm_CNO/PCCD3_Mouse13_CNO_12mm_run3-8.avi	PCCD3	13	CNO	m	N/A	13613056	65d64e9586bc3d57f181cedac4b4af31	//uk-koeln.lokal/daten/Neurologie/AG Gatto/CRC1451-Z02/RawData_SIMI_Motion///uk-koeln.lokal/daten/Neurologie/AG Gatto/CRC1451-Z02/RawData_SIMI_Motion/AG Gatto/PCCD3_9wks_12mm_CNO/PCCD3_Mouse13_CNO_12mm_run3-8.avi
PCCD3_9wks_12mm_CNO/PCCD3_Mouse13_CNO_12mm_run3.smp	PCCD3	13	CNO	m	N/A	14848	5f1d0c32ceac3e102672e761d63daac2	//uk-koeln.lokal/daten/Neurologie/AG Gatto/CRC1451-Z02/RawData_SIMI_Motion///uk-koeln.lokal/daten/Neurologie/AG Gatto/CRC1451-Z02/RawData_SIMI_Motion/AG Gatto/PCCD3_9wks_12mm_CNO/PCCD3_Mouse13_CNO_12mm_run3.smp
PCCD3_9wks_12mm_CNO/PCCD3_Mouse14_CNO_12mm_run1-1.avi	PCCD3	14	CNO	m	N/A	26618368	f2592f97a7c19eb1043bd54f5dc42183	//uk-koeln.lokal/daten/Neurologie/AG Gatto/CRC1451-Z02/RawData_SIMI_Motion///uk-koeln.lokal/daten/Neurologie/AG Gatto/CRC1451-Z02/RawData_SIMI_Motion/AG Gatto/PCCD3_9wks_12mm_CNO/PCCD3_Mouse14_CNO_12mm_run1-1.avi
PCCD3_9wks_12mm_CNO/PCCD3_Mouse14_CNO_12mm_run1-2.avi	PCCD3	14	CNO	m	N/A	17584128	f9c19d47034dd30b96e4e4cedac25095	//uk-koeln.lokal/daten/Neurologie/AG Gatto/CRC1451-Z02/RawData_SIMI_Motion///uk-koeln.lokal/daten/Neurologie/AG Gatto/CRC1451-Z02/RawData_SIMI_Motion/AG Gatto/PCCD3_9wks_12mm_CNO/PCCD3_Mouse14_CNO_12mm_run1-2.avi
PCCD3_9wks_12mm_CNO/PCCD3_Mouse14_CNO_12mm_run1-3.avi	PCCD3	14	CNO	m	N/A	28118016	9ff85e85e51312c5f8434803e0c36303	//uk-koeln.lokal/daten/Neurologie/AG Gatto/CRC1451-Z02/RawData_SIMI_Motion///uk-koeln.lokal/daten/Neurologie/AG Gatto/CRC1451-Z02/RawData_SIMI_Motion/AG Gatto/PCCD3_9wks_12mm_CNO/PCCD3_Mouse14_CNO_12mm_run1-3.avi
PCCD3_9wks_12mm_CNO/PCCD3_Mouse14_CNO_12mm_run1-4.avi	PCCD3	14	CNO	m	N/A	6723584	dfa22cc82d8d9cdcd00d296eacf89d15	//uk-koeln.lokal/daten/Neurologie/AG Gatto/CRC1451-Z02/RawData_SIMI_Motion///uk-koeln.lokal/daten/Neurologie/AG Gatto/CRC1451-Z02/RawData_SIMI_Motion/AG Gatto/PCCD3_9wks_12mm_CNO/PCCD3_Mouse14_CNO_12mm_run1-4.avi
PCCD3_9wks_12mm_CNO/PCCD3_Mouse14_CNO_12mm_run1-5.avi	PCCD3	14	CNO	m	N/A	25092608	2755e4ec8aae6d233d2e51385d7b4bc5	//uk-koeln.lokal/daten/Neurologie/AG Gatto/CRC1451-Z02/RawData_SIMI_Motion///uk-koeln.lokal/daten/Neurologie/AG Gatto/CRC1451-Z02/RawData_SIMI_Motion/AG Gatto/PCCD3_9wks_12mm_CNO/PCCD3_Mouse14_CNO_12mm_run1-5.avi
PCCD3_9wks_12mm_CNO/PCCD3_Mouse14_CNO_12mm_run1-6.avi	PCCD3	14	CNO	m	N/A	21961216	a148c8955dbdbcc7d4b94623e0961a50	//uk-koeln.lokal/daten/Neurologie/AG Gatto/CRC1451-Z02/RawData_SIMI_Motion///uk-koeln.lokal/daten/Neurologie/AG Gatto/CRC1451-Z02/RawData_SIMI_Motion/AG Gatto/PCCD3_9wks_12mm_CNO/PCCD3_Mouse14_CNO_12mm_run1-6.avi
PCCD3_9wks_12mm_CNO/PCCD3_Mouse14_CNO_12mm_run1-7.avi	PCCD3	14	CNO	m	N/A	30123008	36ff7ba4d4d919bb870cfa05ff971eda	//uk-koeln.lokal/daten/Neurologie/AG Gatto/CRC1451-Z02/RawData_SIMI_Motion///uk-koeln.lokal/daten/Neurologie/AG Gatto/CRC1451-Z02/RawData_SIMI_Motion/AG Gatto/PCCD3_9wks_12mm_CNO/PCCD3_Mouse14_CNO_12mm_run1-7.avi
PCCD3_9wks_12mm_CNO/PCCD3_Mouse14_CNO_12mm_run1-8.avi	PCCD3	14	CNO	m	N/A	29736448	bb5138180e9e02bf24e11f6e41584fb4	//uk-koeln.lokal/daten/Neurologie/AG Gatto/CRC1451-Z02/RawData_SIMI_Motion///uk-koeln.lokal/daten/Neurologie/AG Gatto/CRC1451-Z02/RawData_SIMI_Motion/AG Gatto/PCCD3_9wks_12mm_CNO/PCCD3_Mouse14_CNO_12mm_run1-8.avi
PCCD3_9wks_12mm_CNO/PCCD3_Mouse14_CNO_12mm_run1.smp	PCCD3	14	CNO	m	N/A	14848	98352002a4da11a9cfedd79bf0b0bdc9	//uk-koeln.lokal/daten/Neurologie/AG Gatto/CRC1451-Z02/RawData_SIMI_Motion///uk-koeln.lokal/daten/Neurologie/AG Gatto/CRC1451-Z02/RawData_SIMI_Motion/AG Gatto/PCCD3_9wks_12mm_CNO/PCCD3_Mouse14_CNO_12mm_run1.smp
PCCD3_9wks_12mm_CNO/PCCD3_Mouse14_CNO_12mm_run2-1.avi	PCCD3	14	CNO	m	N/A	18267136	9926df5be2d84f2b7ee45e4ff9c42c4d	//uk-koeln.lokal/daten/Neurologie/AG Gatto/CRC1451-Z02/RawData_SIMI_Motion///uk-koeln.lokal/daten/Neurologie/AG Gatto/CRC1451-Z02/RawData_SIMI_Motion/AG Gatto/PCCD3_9wks_12mm_CNO/PCCD3_Mouse14_CNO_12mm_run2-1.avi
PCCD3_9wks_12mm_CNO/PCCD3_Mouse14_CNO_12mm_run2-2.avi	PCCD3	14	CNO	m	N/A	12030976	ac8ca48cbc20ffbdd015c3d40878bb3e	//uk-koeln.lokal/daten/Neurologie/AG Gatto/CRC1451-Z02/RawData_SIMI_Motion///uk-koeln.lokal/daten/Neurologie/AG Gatto/CRC1451-Z02/RawData_SIMI_Motion/AG Gatto/PCCD3_9wks_12mm_CNO/PCCD3_Mouse14_CNO_12mm_run2-2.avi
PCCD3_9wks_12mm_CNO/PCCD3_Mouse14_CNO_12mm_run2-3.avi	PCCD3	14	CNO	m	N/A	19285504	1ce7d8b31bc3f9ea8df4cfdddab5d0ac	//uk-koeln.lokal/daten/Neurologie/AG Gatto/CRC1451-Z02/RawData_SIMI_Motion///uk-koeln.lokal/daten/Neurologie/AG Gatto/CRC1451-Z02/RawData_SIMI_Motion/AG Gatto/PCCD3_9wks_12mm_CNO/PCCD3_Mouse14_CNO_12mm_run2-3.avi
PCCD3_9wks_12mm_CNO/PCCD3_Mouse14_CNO_12mm_run2-4.avi	PCCD3	14	CNO	m	N/A	143872	2048b83c919babfd38d6ee50759a72b0	//uk-koeln.lokal/daten/Neurologie/AG Gatto/CRC1451-Z02/RawData_SIMI_Motion///uk-koeln.lokal/daten/Neurologie/AG Gatto/CRC1451-Z02/RawData_SIMI_Motion/AG Gatto/PCCD3_9wks_12mm_CNO/PCCD3_Mouse14_CNO_12mm_run2-4.avi
PCCD3_9wks_12mm_CNO/PCCD3_Mouse14_CNO_12mm_run2-5.avi	PCCD3	14	CNO	m	N/A	17223680	ab496831dc1247e4127da6df487dead0	//uk-koeln.lokal/daten/Neurologie/AG Gatto/CRC1451-Z02/RawData_SIMI_Motion///uk-koeln.lokal/daten/Neurologie/AG Gatto/CRC1451-Z02/RawData_SIMI_Motion/AG Gatto/PCCD3_9wks_12mm_CNO/PCCD3_Mouse14_CNO_12mm_run2-5.avi
PCCD3_9wks_12mm_CNO/PCCD3_Mouse14_CNO_12mm_run2-6.avi	PCCD3	14	CNO	m	N/A	15030272	b4cde04689991ee307f7edbe6eff2432	//uk-koeln.lokal/daten/Neurologie/AG Gatto/CRC1451-Z02/RawData_SIMI_Motion///uk-koeln.lokal/daten/Neurologie/AG Gatto/CRC1451-Z02/RawData_SIMI_Motion/AG Gatto/PCCD3_9wks_12mm_CNO/PCCD3_Mouse14_CNO_12mm_run2-6.avi
PCCD3_9wks_12mm_CNO/PCCD3_Mouse14_CNO_12mm_run2-7.avi	PCCD3	14	CNO	m	N/A	20664832	18c6d9d5fba7c994234495e8a26d1bea	//uk-koeln.lokal/daten/Neurologie/AG Gatto/CRC1451-Z02/RawData_SIMI_Motion///uk-koeln.lokal/daten/Neurologie/AG Gatto/CRC1451-Z02/RawData_SIMI_Motion/AG Gatto/PCCD3_9wks_12mm_CNO/PCCD3_Mouse14_CNO_12mm_run2-7.avi
PCCD3_9wks_12mm_CNO/PCCD3_Mouse14_CNO_12mm_run2-8.avi	PCCD3	14	CNO	m	N/A	20443648	e9c59d02a0619727c8701e19295a48cf	//uk-koeln.lokal/daten/Neurologie/AG Gatto/CRC1451-Z02/RawData_SIMI_Motion///uk-koeln.lokal/daten/Neurologie/AG Gatto/CRC1451-Z02/RawData_SIMI_Motion/AG Gatto/PCCD3_9wks_12mm_CNO/PCCD3_Mouse14_CNO_12mm_run2-8.avi
PCCD3_9wks_12mm_CNO/PCCD3_Mouse14_CNO_12mm_run2.smp	PCCD3	14	CNO	m	N/A	14848	874a22673988e6fc82f7939d45421b56	//uk-koeln.lokal/daten/Neurologie/AG Gatto/CRC1451-Z02/RawData_SIMI_Motion///uk-koeln.lokal/daten/Neurologie/AG Gatto/CRC1451-Z02/RawData_SIMI_Motion/AG Gatto/PCCD3_9wks_12mm_CNO/PCCD3_Mouse14_CNO_12mm_run2.smp
PCCD3_9wks_12mm_CNO/PCCD3_Mouse14_CNO_12mm_run3-1.avi	PCCD3	14	CNO	m	N/A	19356672	25333c27fd737ce20de6001059b3640e	//uk-koeln.lokal/daten/Neurologie/AG Gatto/CRC1451-Z02/RawData_SIMI_Motion///uk-koeln.lokal/daten/Neurologie/AG Gatto/CRC1451-Z02/RawData_SIMI_Motion/AG Gatto/PCCD3_9wks_12mm_CNO/PCCD3_Mouse14_CNO_12mm_run3-1.avi
PCCD3_9wks_12mm_CNO/PCCD3_Mouse14_CNO_12mm_run3-2.avi	PCCD3	14	CNO	m	N/A	12792320	68865b87b3886ad17b4e7a5b6ac025c5	//uk-koeln.lokal/daten/Neurologie/AG Gatto/CRC1451-Z02/RawData_SIMI_Motion///uk-koeln.lokal/daten/Neurologie/AG Gatto/CRC1451-Z02/RawData_SIMI_Motion/AG Gatto/PCCD3_9wks_12mm_CNO/PCCD3_Mouse14_CNO_12mm_run3-2.avi
PCCD3_9wks_12mm_CNO/PCCD3_Mouse14_CNO_12mm_run3-3.avi	PCCD3	14	CNO	m	N/A	20441088	6b2620bf47e4dd764d2a311ffaa79cb0	//uk-koeln.lokal/daten/Neurologie/AG Gatto/CRC1451-Z02/RawData_SIMI_Motion///uk-koeln.lokal/daten/Neurologie/AG Gatto/CRC1451-Z02/RawData_SIMI_Motion/AG Gatto/PCCD3_9wks_12mm_CNO/PCCD3_Mouse14_CNO_12mm_run3-3.avi
PCCD3_9wks_12mm_CNO/PCCD3_Mouse14_CNO_12mm_run3-4.avi	PCCD3	14	CNO	m	N/A	143872	d99f9f8b606b03210cbc4511b3b7d409	//uk-koeln.lokal/daten/Neurologie/AG Gatto/CRC1451-Z02/RawData_SIMI_Motion///uk-koeln.lokal/daten/Neurologie/AG Gatto/CRC1451-Z02/RawData_SIMI_Motion/AG Gatto/PCCD3_9wks_12mm_CNO/PCCD3_Mouse14_CNO_12mm_run3-4.avi
PCCD3_9wks_12mm_CNO/PCCD3_Mouse14_CNO_12mm_run3-5.avi	PCCD3	14	CNO	m	N/A	18253824	a4ea43bdb7f3217a30dc84fb80bcd52a	//uk-koeln.lokal/daten/Neurologie/AG Gatto/CRC1451-Z02/RawData_SIMI_Motion///uk-koeln.lokal/daten/Neurologie/AG Gatto/CRC1451-Z02/RawData_SIMI_Motion/AG Gatto/PCCD3_9wks_12mm_CNO/PCCD3_Mouse14_CNO_12mm_run3-5.avi
PCCD3_9wks_12mm_CNO/PCCD3_Mouse14_CNO_12mm_run3-6.avi	PCCD3	14	CNO	m	N/A	15959552	9f666b4cdd420a1521da651029942cf3	//uk-koeln.lokal/daten/Neurologie/AG Gatto/CRC1451-Z02/RawData_SIMI_Motion///uk-koeln.lokal/daten/Neurologie/AG Gatto/CRC1451-Z02/RawData_SIMI_Motion/AG Gatto/PCCD3_9wks_12mm_CNO/PCCD3_Mouse14_CNO_12mm_run3-6.avi
PCCD3_9wks_12mm_CNO/PCCD3_Mouse14_CNO_12mm_run3-7.avi	PCCD3	14	CNO	m	N/A	21891072	f024375f29eabed4b24314c474367417	//uk-koeln.lokal/daten/Neurologie/AG Gatto/CRC1451-Z02/RawData_SIMI_Motion///uk-koeln.lokal/daten/Neurologie/AG Gatto/CRC1451-Z02/RawData_SIMI_Motion/AG Gatto/PCCD3_9wks_12mm_CNO/PCCD3_Mouse14_CNO_12mm_run3-7.avi
PCCD3_9wks_12mm_CNO/PCCD3_Mouse14_CNO_12mm_run3-8.avi	PCCD3	14	CNO	m	N/A	21637120	591f58ee57e8dd3101449ae713fb79a8	//uk-koeln.lokal/daten/Neurologie/AG Gatto/CRC1451-Z02/RawData_SIMI_Motion///uk-koeln.lokal/daten/Neurologie/AG Gatto/CRC1451-Z02/RawData_SIMI_Motion/AG Gatto/PCCD3_9wks_12mm_CNO/PCCD3_Mouse14_CNO_12mm_run3-8.avi
PCCD3_9wks_12mm_CNO/PCCD3_Mouse14_CNO_12mm_run3.smp	PCCD3	14	CNO	m	N/A	14848	b164bec154538a728f9aa8b0b72005c5	//uk-koeln.lokal/daten/Neurologie/AG Gatto/CRC1451-Z02/RawData_SIMI_Motion///uk-koeln.lokal/daten/Neurologie/AG Gatto/CRC1451-Z02/RawData_SIMI_Motion/AG Gatto/PCCD3_9wks_12mm_CNO/PCCD3_Mouse14_CNO_12mm_run3.smp
PCCD3_9wks_12mm_CNO/PCCD3_Mouse15_CNO_12mm_run1-1.avi	PCCD3	15	CNO	m	N/A	67531776	38b5f78e62c9982d3247df2312a24101	//uk-koeln.lokal/daten/Neurologie/AG Gatto/CRC1451-Z02/RawData_SIMI_Motion///uk-koeln.lokal/daten/Neurologie/AG Gatto/CRC1451-Z02/RawData_SIMI_Motion/AG Gatto/PCCD3_9wks_12mm_CNO/PCCD3_Mouse15_CNO_12mm_run1-1.avi
PCCD3_9wks_12mm_CNO/PCCD3_Mouse15_CNO_12mm_run1-2.avi	PCCD3	15	CNO	m	N/A	43676160	49a583d5bc4518e0388763da8e8c6bc7	//uk-koeln.lokal/daten/Neurologie/AG Gatto/CRC1451-Z02/RawData_SIMI_Motion///uk-koeln.lokal/daten/Neurologie/AG Gatto/CRC1451-Z02/RawData_SIMI_Motion/AG Gatto/PCCD3_9wks_12mm_CNO/PCCD3_Mouse15_CNO_12mm_run1-2.avi
PCCD3_9wks_12mm_CNO/PCCD3_Mouse15_CNO_12mm_run1-3.avi	PCCD3	15	CNO	m	N/A	70862336	4a53833469e0563f57fc2f9e5d08c53d	//uk-koeln.lokal/daten/Neurologie/AG Gatto/CRC1451-Z02/RawData_SIMI_Motion///uk-koeln.lokal/daten/Neurologie/AG Gatto/CRC1451-Z02/RawData_SIMI_Motion/AG Gatto/PCCD3_9wks_12mm_CNO/PCCD3_Mouse15_CNO_12mm_run1-3.avi
PCCD3_9wks_12mm_CNO/PCCD3_Mouse15_CNO_12mm_run1-4.avi	PCCD3	15	CNO	m	N/A	42127872	d7acec7a0920049f5d9c67283ed8ddf8	//uk-koeln.lokal/daten/Neurologie/AG Gatto/CRC1451-Z02/RawData_SIMI_Motion///uk-koeln.lokal/daten/Neurologie/AG Gatto/CRC1451-Z02/RawData_SIMI_Motion/AG Gatto/PCCD3_9wks_12mm_CNO/PCCD3_Mouse15_CNO_12mm_run1-4.avi
PCCD3_9wks_12mm_CNO/PCCD3_Mouse15_CNO_12mm_run1-5.avi	PCCD3	15	CNO	m	N/A	63634432	c32fada20528f478d9344dd93d3c451c	//uk-koeln.lokal/daten/Neurologie/AG Gatto/CRC1451-Z02/RawData_SIMI_Motion///uk-koeln.lokal/daten/Neurologie/AG Gatto/CRC1451-Z02/RawData_SIMI_Motion/AG Gatto/PCCD3_9wks_12mm_CNO/PCCD3_Mouse15_CNO_12mm_run1-5.avi
PCCD3_9wks_12mm_CNO/PCCD3_Mouse15_CNO_12mm_run1-6.avi	PCCD3	15	CNO	m	N/A	55042048	dcf1db48632d1029976fb30290f81cbd	//uk-koeln.lokal/daten/Neurologie/AG Gatto/CRC1451-Z02/RawData_SIMI_Motion///uk-koeln.lokal/daten/Neurologie/AG Gatto/CRC1451-Z02/RawData_SIMI_Motion/AG Gatto/PCCD3_9wks_12mm_CNO/PCCD3_Mouse15_CNO_12mm_run1-6.avi
PCCD3_9wks_12mm_CNO/PCCD3_Mouse15_CNO_12mm_run1-7.avi	PCCD3	15	CNO	m	N/A	76105728	3fc5819b62951c501e43c2af11127961	//uk-koeln.lokal/daten/Neurologie/AG Gatto/CRC1451-Z02/RawData_SIMI_Motion///uk-koeln.lokal/daten/Neurologie/AG Gatto/CRC1451-Z02/RawData_SIMI_Motion/AG Gatto/PCCD3_9wks_12mm_CNO/PCCD3_Mouse15_CNO_12mm_run1-7.avi
PCCD3_9wks_12mm_CNO/PCCD3_Mouse15_CNO_12mm_run1-8.avi	PCCD3	15	CNO	m	N/A	75899392	4f8ae5cf76a5ab9ee835d0f66727ffe8	//uk-koeln.lokal/daten/Neurologie/AG Gatto/CRC1451-Z02/RawData_SIMI_Motion///uk-koeln.lokal/daten/Neurologie/AG Gatto/CRC1451-Z02/RawData_SIMI_Motion/AG Gatto/PCCD3_9wks_12mm_CNO/PCCD3_Mouse15_CNO_12mm_run1-8.avi
PCCD3_9wks_12mm_CNO/PCCD3_Mouse15_CNO_12mm_run1.smp	PCCD3	15	CNO	m	N/A	14848	c4d0b9f189db826be8cfacfb15acb1d7	//uk-koeln.lokal/daten/Neurologie/AG Gatto/CRC1451-Z02/RawData_SIMI_Motion///uk-koeln.lokal/daten/Neurologie/AG Gatto/CRC1451-Z02/RawData_SIMI_Motion/AG Gatto/PCCD3_9wks_12mm_CNO/PCCD3_Mouse15_CNO_12mm_run1.smp
PCCD3_9wks_12mm_CNO/PCCD3_Mouse15_CNO_12mm_run2-1.avi	PCCD3	15	CNO	m	N/A	66120192	2adb27cf2c89bf5b1ee116ff292d8652	//uk-koeln.lokal/daten/Neurologie/AG Gatto/CRC1451-Z02/RawData_SIMI_Motion///uk-koeln.lokal/daten/Neurologie/AG Gatto/CRC1451-Z02/RawData_SIMI_Motion/AG Gatto/PCCD3_9wks_12mm_CNO/PCCD3_Mouse15_CNO_12mm_run2-1.avi
PCCD3_9wks_12mm_CNO/PCCD3_Mouse15_CNO_12mm_run2-2.avi	PCCD3	15	CNO	m	N/A	43283456	f0f4283076df4dd1c14ad575b9415106	//uk-koeln.lokal/daten/Neurologie/AG Gatto/CRC1451-Z02/RawData_SIMI_Motion///uk-koeln.lokal/daten/Neurologie/AG Gatto/CRC1451-Z02/RawData_SIMI_Motion/AG Gatto/PCCD3_9wks_12mm_CNO/PCCD3_Mouse15_CNO_12mm_run2-2.avi
PCCD3_9wks_12mm_CNO/PCCD3_Mouse15_CNO_12mm_run2-3.avi	PCCD3	15	CNO	m	N/A	69891072	972dedbeff078e49237c4ddb4394faf5	//uk-koeln.lokal/daten/Neurologie/AG Gatto/CRC1451-Z02/RawData_SIMI_Motion///uk-koeln.lokal/daten/Neurologie/AG Gatto/CRC1451-Z02/RawData_SIMI_Motion/AG Gatto/PCCD3_9wks_12mm_CNO/PCCD3_Mouse15_CNO_12mm_run2-3.avi
PCCD3_9wks_12mm_CNO/PCCD3_Mouse15_CNO_12mm_run2-4.avi	PCCD3	15	CNO	m	N/A	36649984	0ee9f8013aa948dde663ff6e5ac30213	//uk-koeln.lokal/daten/Neurologie/AG Gatto/CRC1451-Z02/RawData_SIMI_Motion///uk-koeln.lokal/daten/Neurologie/AG Gatto/CRC1451-Z02/RawData_SIMI_Motion/AG Gatto/PCCD3_9wks_12mm_CNO/PCCD3_Mouse15_CNO_12mm_run2-4.avi
PCCD3_9wks_12mm_CNO/PCCD3_Mouse15_CNO_12mm_run2-5.avi	PCCD3	15	CNO	m	N/A	62487552	42a03af3e4602412d0c320f451ee67df	//uk-koeln.lokal/daten/Neurologie/AG Gatto/CRC1451-Z02/RawData_SIMI_Motion///uk-koeln.lokal/daten/Neurologie/AG Gatto/CRC1451-Z02/RawData_SIMI_Motion/AG Gatto/PCCD3_9wks_12mm_CNO/PCCD3_Mouse15_CNO_12mm_run2-5.avi
PCCD3_9wks_12mm_CNO/PCCD3_Mouse15_CNO_12mm_run2-6.avi	PCCD3	15	CNO	m	N/A	54291456	e8f4af86c681839d4b4207a964c0c182	//uk-koeln.lokal/daten/Neurologie/AG Gatto/CRC1451-Z02/RawData_SIMI_Motion///uk-koeln.lokal/daten/Neurologie/AG Gatto/CRC1451-Z02/RawData_SIMI_Motion/AG Gatto/PCCD3_9wks_12mm_CNO/PCCD3_Mouse15_CNO_12mm_run2-6.avi
PCCD3_9wks_12mm_CNO/PCCD3_Mouse15_CNO_12mm_run2-7.avi	PCCD3	15	CNO	m	N/A	74806784	1e3d4125df22b9bea5221bd44211d4fd	//uk-koeln.lokal/daten/Neurologie/AG Gatto/CRC1451-Z02/RawData_SIMI_Motion///uk-koeln.lokal/daten/Neurologie/AG Gatto/CRC1451-Z02/RawData_SIMI_Motion/AG Gatto/PCCD3_9wks_12mm_CNO/PCCD3_Mouse15_CNO_12mm_run2-7.avi
PCCD3_9wks_12mm_CNO/PCCD3_Mouse15_CNO_12mm_run2-8.avi	PCCD3	15	CNO	m	N/A	74226176	e80fddf2763997febd05e16fc8cc7876	//uk-koeln.lokal/daten/Neurologie/AG Gatto/CRC1451-Z02/RawData_SIMI_Motion///uk-koeln.lokal/daten/Neurologie/AG Gatto/CRC1451-Z02/RawData_SIMI_Motion/AG Gatto/PCCD3_9wks_12mm_CNO/PCCD3_Mouse15_CNO_12mm_run2-8.avi
PCCD3_9wks_12mm_CNO/PCCD3_Mouse15_CNO_12mm_run2.smp	PCCD3	15	CNO	m	N/A	14848	0195d4ace2d6574fc9051bd4ee726024	//uk-koeln.lokal/daten/Neurologie/AG Gatto/CRC1451-Z02/RawData_SIMI_Motion///uk-koeln.lokal/daten/Neurologie/AG Gatto/CRC1451-Z02/RawData_SIMI_Motion/AG Gatto/PCCD3_9wks_12mm_CNO/PCCD3_Mouse15_CNO_12mm_run2.smp
PCCD3_9wks_12mm_CNO/PCCD3_Mouse15_CNO_12mm_run3-1.avi	PCCD3	15	CNO	m	N/A	47939584	677842df7bf65814de95f3a06e08807d	//uk-koeln.lokal/daten/Neurologie/AG Gatto/CRC1451-Z02/RawData_SIMI_Motion///uk-koeln.lokal/daten/Neurologie/AG Gatto/CRC1451-Z02/RawData_SIMI_Motion/AG Gatto/PCCD3_9wks_12mm_CNO/PCCD3_Mouse15_CNO_12mm_run3-1.avi
PCCD3_9wks_12mm_CNO/PCCD3_Mouse15_CNO_12mm_run3-2.avi	PCCD3	15	CNO	m	N/A	31538688	4f770bda3a5b668861c48afded03fa94	//uk-koeln.lokal/daten/Neurologie/AG Gatto/CRC1451-Z02/RawData_SIMI_Motion///uk-koeln.lokal/daten/Neurologie/AG Gatto/CRC1451-Z02/RawData_SIMI_Motion/AG Gatto/PCCD3_9wks_12mm_CNO/PCCD3_Mouse15_CNO_12mm_run3-2.avi
PCCD3_9wks_12mm_CNO/PCCD3_Mouse15_CNO_12mm_run3-3.avi	PCCD3	15	CNO	m	N/A	50575872	fc15ea5c697d80656a5b1b3e61953fc0	//uk-koeln.lokal/daten/Neurologie/AG Gatto/CRC1451-Z02/RawData_SIMI_Motion///uk-koeln.lokal/daten/Neurologie/AG Gatto/CRC1451-Z02/RawData_SIMI_Motion/AG Gatto/PCCD3_9wks_12mm_CNO/PCCD3_Mouse15_CNO_12mm_run3-3.avi
PCCD3_9wks_12mm_CNO/PCCD3_Mouse15_CNO_12mm_run3-4.avi	PCCD3	15	CNO	m	N/A	143872	4a56640f31f83eb3517c2d21a1ab428c	//uk-koeln.lokal/daten/Neurologie/AG Gatto/CRC1451-Z02/RawData_SIMI_Motion///uk-koeln.lokal/daten/Neurologie/AG Gatto/CRC1451-Z02/RawData_SIMI_Motion/AG Gatto/PCCD3_9wks_12mm_CNO/PCCD3_Mouse15_CNO_12mm_run3-4.avi
PCCD3_9wks_12mm_CNO/PCCD3_Mouse15_CNO_12mm_run3-5.avi	PCCD3	15	CNO	m	N/A	45267456	a84004de6a019d4f6cfb3c5045bcb84d	//uk-koeln.lokal/daten/Neurologie/AG Gatto/CRC1451-Z02/RawData_SIMI_Motion///uk-koeln.lokal/daten/Neurologie/AG Gatto/CRC1451-Z02/RawData_SIMI_Motion/AG Gatto/PCCD3_9wks_12mm_CNO/PCCD3_Mouse15_CNO_12mm_run3-5.avi
PCCD3_9wks_12mm_CNO/PCCD3_Mouse15_CNO_12mm_run3-6.avi	PCCD3	15	CNO	m	N/A	39401984	ba683fbfe4a8525bab85f0f16ef0b0e3	//uk-koeln.lokal/daten/Neurologie/AG Gatto/CRC1451-Z02/RawData_SIMI_Motion///uk-koeln.lokal/daten/Neurologie/AG Gatto/CRC1451-Z02/RawData_SIMI_Motion/AG Gatto/PCCD3_9wks_12mm_CNO/PCCD3_Mouse15_CNO_12mm_run3-6.avi
PCCD3_9wks_12mm_CNO/PCCD3_Mouse15_CNO_12mm_run3-7.avi	PCCD3	15	CNO	m	N/A	53980160	91f79c9eaf22ae0f738f1dbce339b8cd	//uk-koeln.lokal/daten/Neurologie/AG Gatto/CRC1451-Z02/RawData_SIMI_Motion///uk-koeln.lokal/daten/Neurologie/AG Gatto/CRC1451-Z02/RawData_SIMI_Motion/AG Gatto/PCCD3_9wks_12mm_CNO/PCCD3_Mouse15_CNO_12mm_run3-7.avi
PCCD3_9wks_12mm_CNO/PCCD3_Mouse15_CNO_12mm_run3-8.avi	PCCD3	15	CNO	m	N/A	53700608	40cbf1b6ed1baa3d1dfd5347c53781a4	//uk-koeln.lokal/daten/Neurologie/AG Gatto/CRC1451-Z02/RawData_SIMI_Motion///uk-koeln.lokal/daten/Neurologie/AG Gatto/CRC1451-Z02/RawData_SIMI_Motion/AG Gatto/PCCD3_9wks_12mm_CNO/PCCD3_Mouse15_CNO_12mm_run3-8.avi
PCCD3_9wks_12mm_CNO/PCCD3_Mouse15_CNO_12mm_run3.smp	PCCD3	15	CNO	m	N/A	14848	d3342c1c4a946bb2ed9ab1db063bfc7d	//uk-koeln.lokal/daten/Neurologie/AG Gatto/CRC1451-Z02/RawData_SIMI_Motion///uk-koeln.lokal/daten/Neurologie/AG Gatto/CRC1451-Z02/RawData_SIMI_Motion/AG Gatto/PCCD3_9wks_12mm_CNO/PCCD3_Mouse15_CNO_12mm_run3.smp
PCCD3_9wks_12mm_CNO/PCCD3_Mouse16_CNO_12mm_run1-1.avi	PCCD3	16	CNO	m	N/A	12947968	39752d21a8b3d7e97133411fef0ad76d	//uk-koeln.lokal/daten/Neurologie/AG Gatto/CRC1451-Z02/RawData_SIMI_Motion///uk-koeln.lokal/daten/Neurologie/AG Gatto/CRC1451-Z02/RawData_SIMI_Motion/AG Gatto/PCCD3_9wks_12mm_CNO/PCCD3_Mouse16_CNO_12mm_run1-1.avi
PCCD3_9wks_12mm_CNO/PCCD3_Mouse16_CNO_12mm_run1-2.avi	PCCD3	16	CNO	m	N/A	8447488	55ca7d258666456bbe912bd405c9c3ab	//uk-koeln.lokal/daten/Neurologie/AG Gatto/CRC1451-Z02/RawData_SIMI_Motion///uk-koeln.lokal/daten/Neurologie/AG Gatto/CRC1451-Z02/RawData_SIMI_Motion/AG Gatto/PCCD3_9wks_12mm_CNO/PCCD3_Mouse16_CNO_12mm_run1-2.avi
PCCD3_9wks_12mm_CNO/PCCD3_Mouse16_CNO_12mm_run1-3.avi	PCCD3	16	CNO	m	N/A	13558784	4842c242e297abaf036fb8c518542e4a	//uk-koeln.lokal/daten/Neurologie/AG Gatto/CRC1451-Z02/RawData_SIMI_Motion///uk-koeln.lokal/daten/Neurologie/AG Gatto/CRC1451-Z02/RawData_SIMI_Motion/AG Gatto/PCCD3_9wks_12mm_CNO/PCCD3_Mouse16_CNO_12mm_run1-3.avi
PCCD3_9wks_12mm_CNO/PCCD3_Mouse16_CNO_12mm_run1-4.avi	PCCD3	16	CNO	m	N/A	143872	6df108f07316124d260468398a96b527	//uk-koeln.lokal/daten/Neurologie/AG Gatto/CRC1451-Z02/RawData_SIMI_Motion///uk-koeln.lokal/daten/Neurologie/AG Gatto/CRC1451-Z02/RawData_SIMI_Motion/AG Gatto/PCCD3_9wks_12mm_CNO/PCCD3_Mouse16_CNO_12mm_run1-4.avi
PCCD3_9wks_12mm_CNO/PCCD3_Mouse16_CNO_12mm_run1-5.avi	PCCD3	16	CNO	m	N/A	12183040	912cee668fb44a5ad411097ea10738b9	//uk-koeln.lokal/daten/Neurologie/AG Gatto/CRC1451-Z02/RawData_SIMI_Motion///uk-koeln.lokal/daten/Neurologie/AG Gatto/CRC1451-Z02/RawData_SIMI_Motion/AG Gatto/PCCD3_9wks_12mm_CNO/PCCD3_Mouse16_CNO_12mm_run1-5.avi
PCCD3_9wks_12mm_CNO/PCCD3_Mouse16_CNO_12mm_run1-6.avi	PCCD3	16	CNO	m	N/A	10601472	fdaa6451046a91885fd8ada92e316cc8	//uk-koeln.lokal/daten/Neurologie/AG Gatto/CRC1451-Z02/RawData_SIMI_Motion///uk-koeln.lokal/daten/Neurologie/AG Gatto/CRC1451-Z02/RawData_SIMI_Motion/AG Gatto/PCCD3_9wks_12mm_CNO/PCCD3_Mouse16_CNO_12mm_run1-6.avi
PCCD3_9wks_12mm_CNO/PCCD3_Mouse16_CNO_12mm_run1-7.avi	PCCD3	16	CNO	m	N/A	14690816	b851f363cb179e415a5d46efa81c6e40	//uk-koeln.lokal/daten/Neurologie/AG Gatto/CRC1451-Z02/RawData_SIMI_Motion///uk-koeln.lokal/daten/Neurologie/AG Gatto/CRC1451-Z02/RawData_SIMI_Motion/AG Gatto/PCCD3_9wks_12mm_CNO/PCCD3_Mouse16_CNO_12mm_run1-7.avi
PCCD3_9wks_12mm_CNO/PCCD3_Mouse16_CNO_12mm_run1-8.avi	PCCD3	16	CNO	m	N/A	14424576	47ed6545cb8f6454b17ff0ae2c8b8f04	//uk-koeln.lokal/daten/Neurologie/AG Gatto/CRC1451-Z02/RawData_SIMI_Motion///uk-koeln.lokal/daten/Neurologie/AG Gatto/CRC1451-Z02/RawData_SIMI_Motion/AG Gatto/PCCD3_9wks_12mm_CNO/PCCD3_Mouse16_CNO_12mm_run1-8.avi
PCCD3_9wks_12mm_CNO/PCCD3_Mouse16_CNO_12mm_run1.smp	PCCD3	16	CNO	m	N/A	14848	2767abc4999615503299ebd3408deae7	//uk-koeln.lokal/daten/Neurologie/AG Gatto/CRC1451-Z02/RawData_SIMI_Motion///uk-koeln.lokal/daten/Neurologie/AG Gatto/CRC1451-Z02/RawData_SIMI_Motion/AG Gatto/PCCD3_9wks_12mm_CNO/PCCD3_Mouse16_CNO_12mm_run1.smp
PCCD3_9wks_12mm_CNO/PCCD3_Mouse16_CNO_12mm_run2-1.avi	PCCD3	16	CNO	m	N/A	25854976	a0bf8203367ea9c187394868e5b22bc0	//uk-koeln.lokal/daten/Neurologie/AG Gatto/CRC1451-Z02/RawData_SIMI_Motion///uk-koeln.lokal/daten/Neurologie/AG Gatto/CRC1451-Z02/RawData_SIMI_Motion/AG Gatto/PCCD3_9wks_12mm_CNO/PCCD3_Mouse16_CNO_12mm_run2-1.avi
PCCD3_9wks_12mm_CNO/PCCD3_Mouse16_CNO_12mm_run2-2.avi	PCCD3	16	CNO	m	N/A	17039360	2e790283b2f3051256a1042c702743b6	//uk-koeln.lokal/daten/Neurologie/AG Gatto/CRC1451-Z02/RawData_SIMI_Motion///uk-koeln.lokal/daten/Neurologie/AG Gatto/CRC1451-Z02/RawData_SIMI_Motion/AG Gatto/PCCD3_9wks_12mm_CNO/PCCD3_Mouse16_CNO_12mm_run2-2.avi
PCCD3_9wks_12mm_CNO/PCCD3_Mouse16_CNO_12mm_run2-3.avi	PCCD3	16	CNO	m	N/A	27336192	c0d166c4eb502e1826cd3b51cec97508	//uk-koeln.lokal/daten/Neurologie/AG Gatto/CRC1451-Z02/RawData_SIMI_Motion///uk-koeln.lokal/daten/Neurologie/AG Gatto/CRC1451-Z02/RawData_SIMI_Motion/AG Gatto/PCCD3_9wks_12mm_CNO/PCCD3_Mouse16_CNO_12mm_run2-3.avi
PCCD3_9wks_12mm_CNO/PCCD3_Mouse16_CNO_12mm_run2-4.avi	PCCD3	16	CNO	m	N/A	143872	9e2fb31fd75e9b0b91032208224e2fa6	//uk-koeln.lokal/daten/Neurologie/AG Gatto/CRC1451-Z02/RawData_SIMI_Motion///uk-koeln.lokal/daten/Neurologie/AG Gatto/CRC1451-Z02/RawData_SIMI_Motion/AG Gatto/PCCD3_9wks_12mm_CNO/PCCD3_Mouse16_CNO_12mm_run2-4.avi
PCCD3_9wks_12mm_CNO/PCCD3_Mouse16_CNO_12mm_run2-5.avi	PCCD3	16	CNO	m	N/A	24528384	839dbbda087a25e2440acd3c034ee094	//uk-koeln.lokal/daten/Neurologie/AG Gatto/CRC1451-Z02/RawData_SIMI_Motion///uk-koeln.lokal/daten/Neurologie/AG Gatto/CRC1451-Z02/RawData_SIMI_Motion/AG Gatto/PCCD3_9wks_12mm_CNO/PCCD3_Mouse16_CNO_12mm_run2-5.avi
PCCD3_9wks_12mm_CNO/PCCD3_Mouse16_CNO_12mm_run2-6.avi	PCCD3	16	CNO	m	N/A	21327360	85063a0c5db589fbb4d5264f8e4375c2	//uk-koeln.lokal/daten/Neurologie/AG Gatto/CRC1451-Z02/RawData_SIMI_Motion///uk-koeln.lokal/daten/Neurologie/AG Gatto/CRC1451-Z02/RawData_SIMI_Motion/AG Gatto/PCCD3_9wks_12mm_CNO/PCCD3_Mouse16_CNO_12mm_run2-6.avi
PCCD3_9wks_12mm_CNO/PCCD3_Mouse16_CNO_12mm_run2-7.avi	PCCD3	16	CNO	m	N/A	29275648	f4b4af0557348a640e61aabc46ac9405	//uk-koeln.lokal/daten/Neurologie/AG Gatto/CRC1451-Z02/RawData_SIMI_Motion///uk-koeln.lokal/daten/Neurologie/AG Gatto/CRC1451-Z02/RawData_SIMI_Motion/AG Gatto/PCCD3_9wks_12mm_CNO/PCCD3_Mouse16_CNO_12mm_run2-7.avi
PCCD3_9wks_12mm_CNO/PCCD3_Mouse16_CNO_12mm_run2-8.avi	PCCD3	16	CNO	m	N/A	29015552	1aa8c9a32e5085527ff8b14db0315db2	//uk-koeln.lokal/daten/Neurologie/AG Gatto/CRC1451-Z02/RawData_SIMI_Motion///uk-koeln.lokal/daten/Neurologie/AG Gatto/CRC1451-Z02/RawData_SIMI_Motion/AG Gatto/PCCD3_9wks_12mm_CNO/PCCD3_Mouse16_CNO_12mm_run2-8.avi
PCCD3_9wks_12mm_CNO/PCCD3_Mouse16_CNO_12mm_run2.smp	PCCD3	16	CNO	m	N/A	14848	311c307d9b9802073f27768cdf2082dc	//uk-koeln.lokal/daten/Neurologie/AG Gatto/CRC1451-Z02/RawData_SIMI_Motion///uk-koeln.lokal/daten/Neurologie/AG Gatto/CRC1451-Z02/RawData_SIMI_Motion/AG Gatto/PCCD3_9wks_12mm_CNO/PCCD3_Mouse16_CNO_12mm_run2.smp
PCCD3_9wks_12mm_CNO/PCCD3_Mouse16_CNO_12mm_run3-1.avi	PCCD3	16	CNO	m	N/A	45392896	f79550653f7aa99f7c33e2d2d2943d3c	//uk-koeln.lokal/daten/Neurologie/AG Gatto/CRC1451-Z02/RawData_SIMI_Motion///uk-koeln.lokal/daten/Neurologie/AG Gatto/CRC1451-Z02/RawData_SIMI_Motion/AG Gatto/PCCD3_9wks_12mm_CNO/PCCD3_Mouse16_CNO_12mm_run3-1.avi
PCCD3_9wks_12mm_CNO/PCCD3_Mouse16_CNO_12mm_run3-2.avi	PCCD3	16	CNO	m	N/A	29779456	4ea05dc47645515f1d11055026c60dfc	//uk-koeln.lokal/daten/Neurologie/AG Gatto/CRC1451-Z02/RawData_SIMI_Motion///uk-koeln.lokal/daten/Neurologie/AG Gatto/CRC1451-Z02/RawData_SIMI_Motion/AG Gatto/PCCD3_9wks_12mm_CNO/PCCD3_Mouse16_CNO_12mm_run3-2.avi
PCCD3_9wks_12mm_CNO/PCCD3_Mouse16_CNO_12mm_run3-3.avi	PCCD3	16	CNO	m	N/A	47841792	fdfc241ca746ca3670750e2c9407140a	//uk-koeln.lokal/daten/Neurologie/AG Gatto/CRC1451-Z02/RawData_SIMI_Motion///uk-koeln.lokal/daten/Neurologie/AG Gatto/CRC1451-Z02/RawData_SIMI_Motion/AG Gatto/PCCD3_9wks_12mm_CNO/PCCD3_Mouse16_CNO_12mm_run3-3.avi
PCCD3_9wks_12mm_CNO/PCCD3_Mouse16_CNO_12mm_run3-4.avi	PCCD3	16	CNO	m	N/A	143872	fa55bb1d17917f02cba85334a5d08d83	//uk-koeln.lokal/daten/Neurologie/AG Gatto/CRC1451-Z02/RawData_SIMI_Motion///uk-koeln.lokal/daten/Neurologie/AG Gatto/CRC1451-Z02/RawData_SIMI_Motion/AG Gatto/PCCD3_9wks_12mm_CNO/PCCD3_Mouse16_CNO_12mm_run3-4.avi
PCCD3_9wks_12mm_CNO/PCCD3_Mouse16_CNO_12mm_run3-5.avi	PCCD3	16	CNO	m	N/A	42829312	8a05e0ebff53978a04660c25d57ac7d8	//uk-koeln.lokal/daten/Neurologie/AG Gatto/CRC1451-Z02/RawData_SIMI_Motion///uk-koeln.lokal/daten/Neurologie/AG Gatto/CRC1451-Z02/RawData_SIMI_Motion/AG Gatto/PCCD3_9wks_12mm_CNO/PCCD3_Mouse16_CNO_12mm_run3-5.avi
PCCD3_9wks_12mm_CNO/PCCD3_Mouse16_CNO_12mm_run3-6.avi	PCCD3	16	CNO	m	N/A	37632512	29fb9cc504df8398ef29d65c09b41b0b	//uk-koeln.lokal/daten/Neurologie/AG Gatto/CRC1451-Z02/RawData_SIMI_Motion///uk-koeln.lokal/daten/Neurologie/AG Gatto/CRC1451-Z02/RawData_SIMI_Motion/AG Gatto/PCCD3_9wks_12mm_CNO/PCCD3_Mouse16_CNO_12mm_run3-6.avi
PCCD3_9wks_12mm_CNO/PCCD3_Mouse16_CNO_12mm_run3-7.avi	PCCD3	16	CNO	m	N/A	51729408	bae58f36727303bc0c1e29e6ca5cfb78	//uk-koeln.lokal/daten/Neurologie/AG Gatto/CRC1451-Z02/RawData_SIMI_Motion///uk-koeln.lokal/daten/Neurologie/AG Gatto/CRC1451-Z02/RawData_SIMI_Motion/AG Gatto/PCCD3_9wks_12mm_CNO/PCCD3_Mouse16_CNO_12mm_run3-7.avi
PCCD3_9wks_12mm_CNO/PCCD3_Mouse16_CNO_12mm_run3-8.avi	PCCD3	16	CNO	m	N/A	50745344	585580909382673d53c92762839cffc2	//uk-koeln.lokal/daten/Neurologie/AG Gatto/CRC1451-Z02/RawData_SIMI_Motion///uk-koeln.lokal/daten/Neurologie/AG Gatto/CRC1451-Z02/RawData_SIMI_Motion/AG Gatto/PCCD3_9wks_12mm_CNO/PCCD3_Mouse16_CNO_12mm_run3-8.avi
PCCD3_9wks_12mm_CNO/PCCD3_Mouse16_CNO_12mm_run3.smp	PCCD3	16	CNO	m	N/A	14848	9d0761a485a45f3062527c9387bb3224	//uk-koeln.lokal/daten/Neurologie/AG Gatto/CRC1451-Z02/RawData_SIMI_Motion///uk-koeln.lokal/daten/Neurologie/AG Gatto/CRC1451-Z02/RawData_SIMI_Motion/AG Gatto/PCCD3_9wks_12mm_CNO/PCCD3_Mouse16_CNO_12mm_run3.smp
PCCD3_9wks_12mm_CNO/PCCD3_Mouse17_CNO_12mm_run1-1.avi	PCCD3	17	CNO	m	N/A	27763712	47409c51f89c01736fbd4654e547371d	//uk-koeln.lokal/daten/Neurologie/AG Gatto/CRC1451-Z02/RawData_SIMI_Motion///uk-koeln.lokal/daten/Neurologie/AG Gatto/CRC1451-Z02/RawData_SIMI_Motion/AG Gatto/PCCD3_9wks_12mm_CNO/PCCD3_Mouse17_CNO_12mm_run1-1.avi
PCCD3_9wks_12mm_CNO/PCCD3_Mouse17_CNO_12mm_run1-2.avi	PCCD3	17	CNO	m	N/A	17956864	2c0cf993185cde3f1e74dea079b3fac8	//uk-koeln.lokal/daten/Neurologie/AG Gatto/CRC1451-Z02/RawData_SIMI_Motion///uk-koeln.lokal/daten/Neurologie/AG Gatto/CRC1451-Z02/RawData_SIMI_Motion/AG Gatto/PCCD3_9wks_12mm_CNO/PCCD3_Mouse17_CNO_12mm_run1-2.avi
PCCD3_9wks_12mm_CNO/PCCD3_Mouse17_CNO_12mm_run1-3.avi	PCCD3	17	CNO	m	N/A	29085696	29377405d997d4d3d88f3d1bf9e7bf7b	//uk-koeln.lokal/daten/Neurologie/AG Gatto/CRC1451-Z02/RawData_SIMI_Motion///uk-koeln.lokal/daten/Neurologie/AG Gatto/CRC1451-Z02/RawData_SIMI_Motion/AG Gatto/PCCD3_9wks_12mm_CNO/PCCD3_Mouse17_CNO_12mm_run1-3.avi
PCCD3_9wks_12mm_CNO/PCCD3_Mouse17_CNO_12mm_run1-4.avi	PCCD3	17	CNO	m	N/A	3004928	f5410d3bc6823bfa248e8df791dd62b5	//uk-koeln.lokal/daten/Neurologie/AG Gatto/CRC1451-Z02/RawData_SIMI_Motion///uk-koeln.lokal/daten/Neurologie/AG Gatto/CRC1451-Z02/RawData_SIMI_Motion/AG Gatto/PCCD3_9wks_12mm_CNO/PCCD3_Mouse17_CNO_12mm_run1-4.avi
PCCD3_9wks_12mm_CNO/PCCD3_Mouse17_CNO_12mm_run1-5.avi	PCCD3	17	CNO	m	N/A	26128896	095247b0c308b4d6b44ffa7a3873e67d	//uk-koeln.lokal/daten/Neurologie/AG Gatto/CRC1451-Z02/RawData_SIMI_Motion///uk-koeln.lokal/daten/Neurologie/AG Gatto/CRC1451-Z02/RawData_SIMI_Motion/AG Gatto/PCCD3_9wks_12mm_CNO/PCCD3_Mouse17_CNO_12mm_run1-5.avi
PCCD3_9wks_12mm_CNO/PCCD3_Mouse17_CNO_12mm_run1-6.avi	PCCD3	17	CNO	m	N/A	22551040	2cd6aa57f4f4b69c13ba964bbef18b4f	//uk-koeln.lokal/daten/Neurologie/AG Gatto/CRC1451-Z02/RawData_SIMI_Motion///uk-koeln.lokal/daten/Neurologie/AG Gatto/CRC1451-Z02/RawData_SIMI_Motion/AG Gatto/PCCD3_9wks_12mm_CNO/PCCD3_Mouse17_CNO_12mm_run1-6.avi
PCCD3_9wks_12mm_CNO/PCCD3_Mouse17_CNO_12mm_run1-7.avi	PCCD3	17	CNO	m	N/A	31342080	064aee692ebfbe04901e1f37e0df2095	//uk-koeln.lokal/daten/Neurologie/AG Gatto/CRC1451-Z02/RawData_SIMI_Motion///uk-koeln.lokal/daten/Neurologie/AG Gatto/CRC1451-Z02/RawData_SIMI_Motion/AG Gatto/PCCD3_9wks_12mm_CNO/PCCD3_Mouse17_CNO_12mm_run1-7.avi
PCCD3_9wks_12mm_CNO/PCCD3_Mouse17_CNO_12mm_run1-8.avi	PCCD3	17	CNO	m	N/A	31075840	8857c1e519e0cec709ee6c1235111d9e	//uk-koeln.lokal/daten/Neurologie/AG Gatto/CRC1451-Z02/RawData_SIMI_Motion///uk-koeln.lokal/daten/Neurologie/AG Gatto/CRC1451-Z02/RawData_SIMI_Motion/AG Gatto/PCCD3_9wks_12mm_CNO/PCCD3_Mouse17_CNO_12mm_run1-8.avi
PCCD3_9wks_12mm_CNO/PCCD3_Mouse17_CNO_12mm_run1.smp	PCCD3	17	CNO	m	N/A	14848	2337882cfa6164fab2a5f6d3a262abe0	//uk-koeln.lokal/daten/Neurologie/AG Gatto/CRC1451-Z02/RawData_SIMI_Motion///uk-koeln.lokal/daten/Neurologie/AG Gatto/CRC1451-Z02/RawData_SIMI_Motion/AG Gatto/PCCD3_9wks_12mm_CNO/PCCD3_Mouse17_CNO_12mm_run1.smp
PCCD3_9wks_12mm_CNO/PCCD3_Mouse17_CNO_12mm_run2-1.avi	PCCD3	17	CNO	m	N/A	29287936	5e2623ca47d3b258c36debe95f8ec838	//uk-koeln.lokal/daten/Neurologie/AG Gatto/CRC1451-Z02/RawData_SIMI_Motion///uk-koeln.lokal/daten/Neurologie/AG Gatto/CRC1451-Z02/RawData_SIMI_Motion/AG Gatto/PCCD3_9wks_12mm_CNO/PCCD3_Mouse17_CNO_12mm_run2-1.avi
PCCD3_9wks_12mm_CNO/PCCD3_Mouse17_CNO_12mm_run2-2.avi	PCCD3	17	CNO	m	N/A	18986496	6d55d2ae19f73d304816b534371e3bc9	//uk-koeln.lokal/daten/Neurologie/AG Gatto/CRC1451-Z02/RawData_SIMI_Motion///uk-koeln.lokal/daten/Neurologie/AG Gatto/CRC1451-Z02/RawData_SIMI_Motion/AG Gatto/PCCD3_9wks_12mm_CNO/PCCD3_Mouse17_CNO_12mm_run2-2.avi
PCCD3_9wks_12mm_CNO/PCCD3_Mouse17_CNO_12mm_run2-3.avi	PCCD3	17	CNO	m	N/A	30574080	dc229b8b9866fcf0b70e1e57d9f0bfa1	//uk-koeln.lokal/daten/Neurologie/AG Gatto/CRC1451-Z02/RawData_SIMI_Motion///uk-koeln.lokal/daten/Neurologie/AG Gatto/CRC1451-Z02/RawData_SIMI_Motion/AG Gatto/PCCD3_9wks_12mm_CNO/PCCD3_Mouse17_CNO_12mm_run2-3.avi
PCCD3_9wks_12mm_CNO/PCCD3_Mouse17_CNO_12mm_run2-4.avi	PCCD3	17	CNO	m	N/A	143872	b7a1e229cc76c443590b71ea5364fa5b	//uk-koeln.lokal/daten/Neurologie/AG Gatto/CRC1451-Z02/RawData_SIMI_Motion///uk-koeln.lokal/daten/Neurologie/AG Gatto/CRC1451-Z02/RawData_SIMI_Motion/AG Gatto/PCCD3_9wks_12mm_CNO/PCCD3_Mouse17_CNO_12mm_run2-4.avi
PCCD3_9wks_12mm_CNO/PCCD3_Mouse17_CNO_12mm_run2-5.avi	PCCD3	17	CNO	m	N/A	27368960	73d4222b70fa24fd5375b1d2202bb543	//uk-koeln.lokal/daten/Neurologie/AG Gatto/CRC1451-Z02/RawData_SIMI_Motion///uk-koeln.lokal/daten/Neurologie/AG Gatto/CRC1451-Z02/RawData_SIMI_Motion/AG Gatto/PCCD3_9wks_12mm_CNO/PCCD3_Mouse17_CNO_12mm_run2-5.avi
PCCD3_9wks_12mm_CNO/PCCD3_Mouse17_CNO_12mm_run2-6.avi	PCCD3	17	CNO	m	N/A	23810560	c700b2d8110953edb4fa525434ea0203	//uk-koeln.lokal/daten/Neurologie/AG Gatto/CRC1451-Z02/RawData_SIMI_Motion///uk-koeln.lokal/daten/Neurologie/AG Gatto/CRC1451-Z02/RawData_SIMI_Motion/AG Gatto/PCCD3_9wks_12mm_CNO/PCCD3_Mouse17_CNO_12mm_run2-6.avi
PCCD3_9wks_12mm_CNO/PCCD3_Mouse17_CNO_12mm_run2-7.avi	PCCD3	17	CNO	m	N/A	33377792	ede54e5dc9c503cbb17a9fe19ce51c30	//uk-koeln.lokal/daten/Neurologie/AG Gatto/CRC1451-Z02/RawData_SIMI_Motion///uk-koeln.lokal/daten/Neurologie/AG Gatto/CRC1451-Z02/RawData_SIMI_Motion/AG Gatto/PCCD3_9wks_12mm_CNO/PCCD3_Mouse17_CNO_12mm_run2-7.avi
PCCD3_9wks_12mm_CNO/PCCD3_Mouse17_CNO_12mm_run2-8.avi	PCCD3	17	CNO	m	N/A	32962048	9dc8f9c694a724537a05259deba01c6b	//uk-koeln.lokal/daten/Neurologie/AG Gatto/CRC1451-Z02/RawData_SIMI_Motion///uk-koeln.lokal/daten/Neurologie/AG Gatto/CRC1451-Z02/RawData_SIMI_Motion/AG Gatto/PCCD3_9wks_12mm_CNO/PCCD3_Mouse17_CNO_12mm_run2-8.avi
PCCD3_9wks_12mm_CNO/PCCD3_Mouse17_CNO_12mm_run2.smp	PCCD3	17	CNO	m	N/A	14848	c918084a9c943b02456302dd238b239f	//uk-koeln.lokal/daten/Neurologie/AG Gatto/CRC1451-Z02/RawData_SIMI_Motion///uk-koeln.lokal/daten/Neurologie/AG Gatto/CRC1451-Z02/RawData_SIMI_Motion/AG Gatto/PCCD3_9wks_12mm_CNO/PCCD3_Mouse17_CNO_12mm_run2.smp
PCCD3_9wks_12mm_CNO/PCCD3_Mouse17_CNO_12mm_run3-1.avi	PCCD3	17	CNO	m	N/A	17579008	6a1757b100ba0690660566de1906251a	//uk-koeln.lokal/daten/Neurologie/AG Gatto/CRC1451-Z02/RawData_SIMI_Motion///uk-koeln.lokal/daten/Neurologie/AG Gatto/CRC1451-Z02/RawData_SIMI_Motion/AG Gatto/PCCD3_9wks_12mm_CNO/PCCD3_Mouse17_CNO_12mm_run3-1.avi
PCCD3_9wks_12mm_CNO/PCCD3_Mouse17_CNO_12mm_run3-2.avi	PCCD3	17	CNO	m	N/A	11441664	2ff6b549a0b0fb9be105287989caab48	//uk-koeln.lokal/daten/Neurologie/AG Gatto/CRC1451-Z02/RawData_SIMI_Motion///uk-koeln.lokal/daten/Neurologie/AG Gatto/CRC1451-Z02/RawData_SIMI_Motion/AG Gatto/PCCD3_9wks_12mm_CNO/PCCD3_Mouse17_CNO_12mm_run3-2.avi
PCCD3_9wks_12mm_CNO/PCCD3_Mouse17_CNO_12mm_run3-3.avi	PCCD3	17	CNO	m	N/A	18442752	1fa8c9420bc1d07ec04a25326abf2a8a	//uk-koeln.lokal/daten/Neurologie/AG Gatto/CRC1451-Z02/RawData_SIMI_Motion///uk-koeln.lokal/daten/Neurologie/AG Gatto/CRC1451-Z02/RawData_SIMI_Motion/AG Gatto/PCCD3_9wks_12mm_CNO/PCCD3_Mouse17_CNO_12mm_run3-3.avi
PCCD3_9wks_12mm_CNO/PCCD3_Mouse17_CNO_12mm_run3-4.avi	PCCD3	17	CNO	m	N/A	143872	7b75284bc9d100d5270d2034c9a58ad5	//uk-koeln.lokal/daten/Neurologie/AG Gatto/CRC1451-Z02/RawData_SIMI_Motion///uk-koeln.lokal/daten/Neurologie/AG Gatto/CRC1451-Z02/RawData_SIMI_Motion/AG Gatto/PCCD3_9wks_12mm_CNO/PCCD3_Mouse17_CNO_12mm_run3-4.avi
PCCD3_9wks_12mm_CNO/PCCD3_Mouse17_CNO_12mm_run3-5.avi	PCCD3	17	CNO	m	N/A	16567808	a4485f4c14ea50c12b94e2057ad298b7	//uk-koeln.lokal/daten/Neurologie/AG Gatto/CRC1451-Z02/RawData_SIMI_Motion///uk-koeln.lokal/daten/Neurologie/AG Gatto/CRC1451-Z02/RawData_SIMI_Motion/AG Gatto/PCCD3_9wks_12mm_CNO/PCCD3_Mouse17_CNO_12mm_run3-5.avi
PCCD3_9wks_12mm_CNO/PCCD3_Mouse17_CNO_12mm_run3-6.avi	PCCD3	17	CNO	m	N/A	14353408	5eaa36a5d5bf2366cd5a53672d8827b4	//uk-koeln.lokal/daten/Neurologie/AG Gatto/CRC1451-Z02/RawData_SIMI_Motion///uk-koeln.lokal/daten/Neurologie/AG Gatto/CRC1451-Z02/RawData_SIMI_Motion/AG Gatto/PCCD3_9wks_12mm_CNO/PCCD3_Mouse17_CNO_12mm_run3-6.avi
PCCD3_9wks_12mm_CNO/PCCD3_Mouse17_CNO_12mm_run3-7.avi	PCCD3	17	CNO	m	N/A	19913216	293a4c07e1b556063d863c23bb94518c	//uk-koeln.lokal/daten/Neurologie/AG Gatto/CRC1451-Z02/RawData_SIMI_Motion///uk-koeln.lokal/daten/Neurologie/AG Gatto/CRC1451-Z02/RawData_SIMI_Motion/AG Gatto/PCCD3_9wks_12mm_CNO/PCCD3_Mouse17_CNO_12mm_run3-7.avi
PCCD3_9wks_12mm_CNO/PCCD3_Mouse17_CNO_12mm_run3-8.avi	PCCD3	17	CNO	m	N/A	19713024	093903848d595cbffe49e1cb9f149df6	//uk-koeln.lokal/daten/Neurologie/AG Gatto/CRC1451-Z02/RawData_SIMI_Motion///uk-koeln.lokal/daten/Neurologie/AG Gatto/CRC1451-Z02/RawData_SIMI_Motion/AG Gatto/PCCD3_9wks_12mm_CNO/PCCD3_Mouse17_CNO_12mm_run3-8.avi
PCCD3_9wks_12mm_CNO/PCCD3_Mouse17_CNO_12mm_run3.smp	PCCD3	17	CNO	m	N/A	14848	e34dfd55443658b4fcfeb9c41ae9cbf4	//uk-koeln.lokal/daten/Neurologie/AG Gatto/CRC1451-Z02/RawData_SIMI_Motion///uk-koeln.lokal/daten/Neurologie/AG Gatto/CRC1451-Z02/RawData_SIMI_Motion/AG Gatto/PCCD3_9wks_12mm_CNO/PCCD3_Mouse17_CNO_12mm_run3.smp
PCCD3_9wks_12mm_CNO/PCCD3_Mouse18_CNO_12mm_run1-1.avi	PCCD3	18	CNO	m	N/A	19139072	1f36b4d2ab2433dae89b632e329b5569	//uk-koeln.lokal/daten/Neurologie/AG Gatto/CRC1451-Z02/RawData_SIMI_Motion///uk-koeln.lokal/daten/Neurologie/AG Gatto/CRC1451-Z02/RawData_SIMI_Motion/AG Gatto/PCCD3_9wks_12mm_CNO/PCCD3_Mouse18_CNO_12mm_run1-1.avi
PCCD3_9wks_12mm_CNO/PCCD3_Mouse18_CNO_12mm_run1-2.avi	PCCD3	18	CNO	m	N/A	12446720	428618610c8591745eea7f6d3e95bc1b	//uk-koeln.lokal/daten/Neurologie/AG Gatto/CRC1451-Z02/RawData_SIMI_Motion///uk-koeln.lokal/daten/Neurologie/AG Gatto/CRC1451-Z02/RawData_SIMI_Motion/AG Gatto/PCCD3_9wks_12mm_CNO/PCCD3_Mouse18_CNO_12mm_run1-2.avi
PCCD3_9wks_12mm_CNO/PCCD3_Mouse18_CNO_12mm_run1-3.avi	PCCD3	18	CNO	m	N/A	19952640	43a57503af7df95f4e3bb8ee9f4c70a0	//uk-koeln.lokal/daten/Neurologie/AG Gatto/CRC1451-Z02/RawData_SIMI_Motion///uk-koeln.lokal/daten/Neurologie/AG Gatto/CRC1451-Z02/RawData_SIMI_Motion/AG Gatto/PCCD3_9wks_12mm_CNO/PCCD3_Mouse18_CNO_12mm_run1-3.avi
PCCD3_9wks_12mm_CNO/PCCD3_Mouse18_CNO_12mm_run1-4.avi	PCCD3	18	CNO	m	N/A	143872	c522ef4cbb00fa26b2557ce8948b5758	//uk-koeln.lokal/daten/Neurologie/AG Gatto/CRC1451-Z02/RawData_SIMI_Motion///uk-koeln.lokal/daten/Neurologie/AG Gatto/CRC1451-Z02/RawData_SIMI_Motion/AG Gatto/PCCD3_9wks_12mm_CNO/PCCD3_Mouse18_CNO_12mm_run1-4.avi
PCCD3_9wks_12mm_CNO/PCCD3_Mouse18_CNO_12mm_run1-5.avi	PCCD3	18	CNO	m	N/A	17900032	08e67ef909075840baa2a722a2d63d50	//uk-koeln.lokal/daten/Neurologie/AG Gatto/CRC1451-Z02/RawData_SIMI_Motion///uk-koeln.lokal/daten/Neurologie/AG Gatto/CRC1451-Z02/RawData_SIMI_Motion/AG Gatto/PCCD3_9wks_12mm_CNO/PCCD3_Mouse18_CNO_12mm_run1-5.avi
PCCD3_9wks_12mm_CNO/PCCD3_Mouse18_CNO_12mm_run1-6.avi	PCCD3	18	CNO	m	N/A	15661056	00c29d8c71b86d322e1fbc4d0cedc26c	//uk-koeln.lokal/daten/Neurologie/AG Gatto/CRC1451-Z02/RawData_SIMI_Motion///uk-koeln.lokal/daten/Neurologie/AG Gatto/CRC1451-Z02/RawData_SIMI_Motion/AG Gatto/PCCD3_9wks_12mm_CNO/PCCD3_Mouse18_CNO_12mm_run1-6.avi
PCCD3_9wks_12mm_CNO/PCCD3_Mouse18_CNO_12mm_run1-7.avi	PCCD3	18	CNO	m	N/A	21788160	59e33d35a9d87a9abe25b9a76a5f6a14	//uk-koeln.lokal/daten/Neurologie/AG Gatto/CRC1451-Z02/RawData_SIMI_Motion///uk-koeln.lokal/daten/Neurologie/AG Gatto/CRC1451-Z02/RawData_SIMI_Motion/AG Gatto/PCCD3_9wks_12mm_CNO/PCCD3_Mouse18_CNO_12mm_run1-7.avi
PCCD3_9wks_12mm_CNO/PCCD3_Mouse18_CNO_12mm_run1-8.avi	PCCD3	18	CNO	m	N/A	21490688	73cbad0ce2f5903c29bf954fa928304e	//uk-koeln.lokal/daten/Neurologie/AG Gatto/CRC1451-Z02/RawData_SIMI_Motion///uk-koeln.lokal/daten/Neurologie/AG Gatto/CRC1451-Z02/RawData_SIMI_Motion/AG Gatto/PCCD3_9wks_12mm_CNO/PCCD3_Mouse18_CNO_12mm_run1-8.avi
PCCD3_9wks_12mm_CNO/PCCD3_Mouse18_CNO_12mm_run1.smp	PCCD3	18	CNO	m	N/A	14848	2b4d64867a6dab5f479f86931f1f63e4	//uk-koeln.lokal/daten/Neurologie/AG Gatto/CRC1451-Z02/RawData_SIMI_Motion///uk-koeln.lokal/daten/Neurologie/AG Gatto/CRC1451-Z02/RawData_SIMI_Motion/AG Gatto/PCCD3_9wks_12mm_CNO/PCCD3_Mouse18_CNO_12mm_run1.smp
PCCD3_9wks_12mm_CNO/PCCD3_Mouse18_CNO_12mm_run2-1.avi	PCCD3	18	CNO	m	N/A	25430528	313f4a04e3f0f6c0b233fb59d0887b43	//uk-koeln.lokal/daten/Neurologie/AG Gatto/CRC1451-Z02/RawData_SIMI_Motion///uk-koeln.lokal/daten/Neurologie/AG Gatto/CRC1451-Z02/RawData_SIMI_Motion/AG Gatto/PCCD3_9wks_12mm_CNO/PCCD3_Mouse18_CNO_12mm_run2-1.avi
PCCD3_9wks_12mm_CNO/PCCD3_Mouse18_CNO_12mm_run2-2.avi	PCCD3	18	CNO	m	N/A	16440320	e92265bda32689eeceba0e169a6ee351	//uk-koeln.lokal/daten/Neurologie/AG Gatto/CRC1451-Z02/RawData_SIMI_Motion///uk-koeln.lokal/daten/Neurologie/AG Gatto/CRC1451-Z02/RawData_SIMI_Motion/AG Gatto/PCCD3_9wks_12mm_CNO/PCCD3_Mouse18_CNO_12mm_run2-2.avi
PCCD3_9wks_12mm_CNO/PCCD3_Mouse18_CNO_12mm_run2-3.avi	PCCD3	18	CNO	m	N/A	26648576	3d9595670695be79572581ff815533ce	//uk-koeln.lokal/daten/Neurologie/AG Gatto/CRC1451-Z02/RawData_SIMI_Motion///uk-koeln.lokal/daten/Neurologie/AG Gatto/CRC1451-Z02/RawData_SIMI_Motion/AG Gatto/PCCD3_9wks_12mm_CNO/PCCD3_Mouse18_CNO_12mm_run2-3.avi
PCCD3_9wks_12mm_CNO/PCCD3_Mouse18_CNO_12mm_run2-4.avi	PCCD3	18	CNO	m	N/A	8690176	fe3c06f37cd2c97d8059116461ffa114	//uk-koeln.lokal/daten/Neurologie/AG Gatto/CRC1451-Z02/RawData_SIMI_Motion///uk-koeln.lokal/daten/Neurologie/AG Gatto/CRC1451-Z02/RawData_SIMI_Motion/AG Gatto/PCCD3_9wks_12mm_CNO/PCCD3_Mouse18_CNO_12mm_run2-4.avi
PCCD3_9wks_12mm_CNO/PCCD3_Mouse18_CNO_12mm_run2-5.avi	PCCD3	18	CNO	m	N/A	23965696	d711015ba01e590400d811ebddfdeb5e	//uk-koeln.lokal/daten/Neurologie/AG Gatto/CRC1451-Z02/RawData_SIMI_Motion///uk-koeln.lokal/daten/Neurologie/AG Gatto/CRC1451-Z02/RawData_SIMI_Motion/AG Gatto/PCCD3_9wks_12mm_CNO/PCCD3_Mouse18_CNO_12mm_run2-5.avi
PCCD3_9wks_12mm_CNO/PCCD3_Mouse18_CNO_12mm_run2-6.avi	PCCD3	18	CNO	m	N/A	20819968	f343b37ad9f9ae5ecb2326253f453fbc	//uk-koeln.lokal/daten/Neurologie/AG Gatto/CRC1451-Z02/RawData_SIMI_Motion///uk-koeln.lokal/daten/Neurologie/AG Gatto/CRC1451-Z02/RawData_SIMI_Motion/AG Gatto/PCCD3_9wks_12mm_CNO/PCCD3_Mouse18_CNO_12mm_run2-6.avi
PCCD3_9wks_12mm_CNO/PCCD3_Mouse18_CNO_12mm_run2-7.avi	PCCD3	18	CNO	m	N/A	28998144	834b13627f2fc2011d76e4b395d1d259	//uk-koeln.lokal/daten/Neurologie/AG Gatto/CRC1451-Z02/RawData_SIMI_Motion///uk-koeln.lokal/daten/Neurologie/AG Gatto/CRC1451-Z02/RawData_SIMI_Motion/AG Gatto/PCCD3_9wks_12mm_CNO/PCCD3_Mouse18_CNO_12mm_run2-7.avi
PCCD3_9wks_12mm_CNO/PCCD3_Mouse18_CNO_12mm_run2-8.avi	PCCD3	18	CNO	m	N/A	28570624	1240a65b688dedaacd2e233169c2b9e3	//uk-koeln.lokal/daten/Neurologie/AG Gatto/CRC1451-Z02/RawData_SIMI_Motion///uk-koeln.lokal/daten/Neurologie/AG Gatto/CRC1451-Z02/RawData_SIMI_Motion/AG Gatto/PCCD3_9wks_12mm_CNO/PCCD3_Mouse18_CNO_12mm_run2-8.avi
PCCD3_9wks_12mm_CNO/PCCD3_Mouse18_CNO_12mm_run2.smp	PCCD3	18	CNO	m	N/A	14848	12b1b9325947dbf1a5c29b72666d7af0	//uk-koeln.lokal/daten/Neurologie/AG Gatto/CRC1451-Z02/RawData_SIMI_Motion///uk-koeln.lokal/daten/Neurologie/AG Gatto/CRC1451-Z02/RawData_SIMI_Motion/AG Gatto/PCCD3_9wks_12mm_CNO/PCCD3_Mouse18_CNO_12mm_run2.smp
PCCD3_9wks_12mm_CNO/PCCD3_Mouse18_CNO_12mm_run3-1.avi	PCCD3	18	CNO	m	N/A	23313920	ab8f2679b656739d971afcfe4ef4fe0f	//uk-koeln.lokal/daten/Neurologie/AG Gatto/CRC1451-Z02/RawData_SIMI_Motion///uk-koeln.lokal/daten/Neurologie/AG Gatto/CRC1451-Z02/RawData_SIMI_Motion/AG Gatto/PCCD3_9wks_12mm_CNO/PCCD3_Mouse18_CNO_12mm_run3-1.avi
PCCD3_9wks_12mm_CNO/PCCD3_Mouse18_CNO_12mm_run3-2.avi	PCCD3	18	CNO	m	N/A	15065088	3383cee6b7e3606a16a1c8c0866be2f7	//uk-koeln.lokal/daten/Neurologie/AG Gatto/CRC1451-Z02/RawData_SIMI_Motion///uk-koeln.lokal/daten/Neurologie/AG Gatto/CRC1451-Z02/RawData_SIMI_Motion/AG Gatto/PCCD3_9wks_12mm_CNO/PCCD3_Mouse18_CNO_12mm_run3-2.avi
PCCD3_9wks_12mm_CNO/PCCD3_Mouse18_CNO_12mm_run3-3.avi	PCCD3	18	CNO	m	N/A	24271872	c8fc97cf7f5284aafdb7b8ec2bf7f908	//uk-koeln.lokal/daten/Neurologie/AG Gatto/CRC1451-Z02/RawData_SIMI_Motion///uk-koeln.lokal/daten/Neurologie/AG Gatto/CRC1451-Z02/RawData_SIMI_Motion/AG Gatto/PCCD3_9wks_12mm_CNO/PCCD3_Mouse18_CNO_12mm_run3-3.avi
PCCD3_9wks_12mm_CNO/PCCD3_Mouse18_CNO_12mm_run3-4.avi	PCCD3	18	CNO	m	N/A	607744	957d5d4da34088bcc9af5d9b2866a9aa	//uk-koeln.lokal/daten/Neurologie/AG Gatto/CRC1451-Z02/RawData_SIMI_Motion///uk-koeln.lokal/daten/Neurologie/AG Gatto/CRC1451-Z02/RawData_SIMI_Motion/AG Gatto/PCCD3_9wks_12mm_CNO/PCCD3_Mouse18_CNO_12mm_run3-4.avi
PCCD3_9wks_12mm_CNO/PCCD3_Mouse18_CNO_12mm_run3-5.avi	PCCD3	18	CNO	m	N/A	21808128	4b008a975aeff0977c3a36496cd96b71	//uk-koeln.lokal/daten/Neurologie/AG Gatto/CRC1451-Z02/RawData_SIMI_Motion///uk-koeln.lokal/daten/Neurologie/AG Gatto/CRC1451-Z02/RawData_SIMI_Motion/AG Gatto/PCCD3_9wks_12mm_CNO/PCCD3_Mouse18_CNO_12mm_run3-5.avi
PCCD3_9wks_12mm_CNO/PCCD3_Mouse18_CNO_12mm_run3-6.avi	PCCD3	18	CNO	m	N/A	18993664	1b60246692afc52507a8b4fd093c3a4b	//uk-koeln.lokal/daten/Neurologie/AG Gatto/CRC1451-Z02/RawData_SIMI_Motion///uk-koeln.lokal/daten/Neurologie/AG Gatto/CRC1451-Z02/RawData_SIMI_Motion/AG Gatto/PCCD3_9wks_12mm_CNO/PCCD3_Mouse18_CNO_12mm_run3-6.avi
PCCD3_9wks_12mm_CNO/PCCD3_Mouse18_CNO_12mm_run3-7.avi	PCCD3	18	CNO	m	N/A	26548736	0f06674163a329d33a1051d2f0ced2f7	//uk-koeln.lokal/daten/Neurologie/AG Gatto/CRC1451-Z02/RawData_SIMI_Motion///uk-koeln.lokal/daten/Neurologie/AG Gatto/CRC1451-Z02/RawData_SIMI_Motion/AG Gatto/PCCD3_9wks_12mm_CNO/PCCD3_Mouse18_CNO_12mm_run3-7.avi
PCCD3_9wks_12mm_CNO/PCCD3_Mouse18_CNO_12mm_run3-8.avi	PCCD3	18	CNO	m	N/A	26192384	8a8c377c22e67e7eaaabf41fd6dd1cf2	//uk-koeln.lokal/daten/Neurologie/AG Gatto/CRC1451-Z02/RawData_SIMI_Motion///uk-koeln.lokal/daten/Neurologie/AG Gatto/CRC1451-Z02/RawData_SIMI_Motion/AG Gatto/PCCD3_9wks_12mm_CNO/PCCD3_Mouse18_CNO_12mm_run3-8.avi
PCCD3_9wks_12mm_CNO/PCCD3_Mouse18_CNO_12mm_run3.smp	PCCD3	18	CNO	m	N/A	14848	846838211a7152d8a2fd354623574dde	//uk-koeln.lokal/daten/Neurologie/AG Gatto/CRC1451-Z02/RawData_SIMI_Motion///uk-koeln.lokal/daten/Neurologie/AG Gatto/CRC1451-Z02/RawData_SIMI_Motion/AG Gatto/PCCD3_9wks_12mm_CNO/PCCD3_Mouse18_CNO_12mm_run3.smp
